ID,albergueName,original,updated,reason
4412,Ospitalia Refuge Municipal,14:00 a 20:30 (22:30 sábados y domingos),14:00 to 20:30 (22:30 on Saturdays and Sundays),Contains times rather than an annual opening season; time meaning not inferred
4420,Gîte La Coquille Napoléon,16:00 a 20:00,16:00 to 20:00,Contains times rather than an annual opening season; time meaning not inferred
4425,Gîte Bidean,15:00 a 22:30,15:00 to 22:30,Contains times rather than an annual opening season; time meaning not inferred
4446,Albergue municipal de Valcarlos,22:00,22:00,Contains times rather than an annual opening season; time meaning not inferred
4470,Albergue municipal de Villava,12:00 a 20:00,12:00 to 20:00,Contains times rather than an annual opening season; time meaning not inferred
4504,Hostal Casa Sabina,,,Opening period is empty
4536,Albergue Mendizabal,22:00,22:00,Contains times rather than an annual opening season; time meaning not inferred
4537,Albergue Usda,,,Opening period is empty
4538,Albergue de los Padres Reparadores,12:00 (14:00 en temporada baja),12:00 (14:00 in low season),Contains times rather than an annual opening season; time meaning not inferred
4553,Albergue parroquial San Miguel,,,Opening period is empty
4564,Albergue de peregrinos Isaac Santiago,,,Opening period is empty
4706,Albergue Etxeurdina,Nota Febrero 2023: cerrado provisionalmente. [5 March - 15-30 October. Cerrado del 14 - 19 August.],February 2023 note: temporarily closed. Previously listed season: 5 March to 15-30 October (end date unclear); closed 14-19 August. Current opening status needs confirmation.,"Dated, ambiguous or invalid source data needs confirmation"
4734,Albergue Karma,22:00,22:00,Contains times rather than an annual opening season; time meaning not inferred
4736,Albergue-Hotel La Pata de Oca,23:00,23:00,Contains times rather than an annual opening season; time meaning not inferred
4738,Albergue-Hostal San Andrés,12:00,12:00,Contains times rather than an annual opening season; time meaning not inferred
4740,Albergue parroquial Santa María,,,Opening period is empty
4877,Albergue de peregrinos de Logroño,13:00 (de  April a  October) / 15:00 (resto del año),13:00 (April to October) / 15:00 (rest of the year),Contains times rather than an annual opening season; time meaning not inferred
4878,Albergue parroquial Santiago El Real,12:00 (de  June a  September) / 14:00 (resto del año),12:00 (June to September) / 14:00 (rest of the year),Contains times rather than an annual opening season; time meaning not inferred
4882,Albergue Logroño Centro,14:00 a 24:00,14:00 to 24:00,Contains times rather than an annual opening season; time meaning not inferred
4895,Albergue Las Peñas,22:00,22:00,Contains times rather than an annual opening season; time meaning not inferred
4896,Albergue El Peregrino,11:30 a 22:30,11:30 to 22:30,Contains times rather than an annual opening season; time meaning not inferred
4900,Albergue de la Cofradía del Santo,11:00 (13:00 en invierno),11:00 (13:00 in winter),Contains times rather than an annual opening season; time meaning not inferred
4903,Hospedería de la Abadía Cisterciense,,,Opening period is empty
4905,Albergue parroquial de Belorado,,,Opening period is empty
4911,Alojamiento El descanso de San Juan,22:00,22:00,Contains times rather than an annual opening season; time meaning not inferred
4912,Albergue El Camino de Santovenia,23:00,23:00,Contains times rather than an annual opening season; time meaning not inferred
4916,Albergue El Peregrino,,,Opening period is empty
4917,Albergue La Hutte,En 2022 a partir del 1 May,2022 note: open from 1 May. Current opening dates need confirmation.,"Dated, ambiguous or invalid source data needs confirmation"
4918,Hostel La Plazuela Verde,13:00 a 20:00,13:00 to 20:00,Contains times rather than an annual opening season; time meaning not inferred
4919,Albergue de peregrinos de Olmos de Atapuerca,"Cocinauso libreMicroondasNevera
Resguardo para bicicletas cubierto",Opening period not recorded. Source lists facilities: kitchen available for guests to use; microwave; fridge; covered bicycle storage.,Source content does not describe an opening period
4920,Albergue municipal La Parada,,,Opening period is empty
4923,Albergue de peregrinos Casa del Cubo y de los Lerma,12:00 (de Holy Week - 15 September) / 14:00 (resto del año),12:00 (Holy Week to 15 September) / 14:00 (rest of the year),Contains times rather than an annual opening season; time meaning not inferred
4926,Hostel Catedral Burgos,13:00 a 22:00,13:00 to 22:00,Contains times rather than an annual opening season; time meaning not inferred
4931,Albergue de peregrinos de Tardajos,En 2023: del 1 April - 12 November,2023 season: 1 April to 12 November. Current opening dates need confirmation.,"Dated, ambiguous or invalid source data needs confirmation"
4934,Albergue Liberanos Domine,22:00,22:00,Contains times rather than an annual opening season; time meaning not inferred
4942,Albergue Fuente Sidres,"1 February - 31 November (resto del año, posible apertura los finessemana)","1 February to ""31 November"" (invalid end date in source; confirm closing date). May open at weekends during the rest of the year.","Dated, ambiguous or invalid source data needs confirmation"
4945,Albergue Santa Brígida,22:00,22:00,Contains times rather than an annual opening season; time meaning not inferred
4948,Albergue de peregrinos San Esteban,,,Opening period is empty
4949,Albergue Casa Nostra,,,Opening period is empty
4950,Albergue Ultreia,22:00,22:00,Contains times rather than an annual opening season; time meaning not inferred
4954,Albergue La Rinconada,"IdiomasESENFR
Cena Desayuno 4 euros
Lavadora y secadora
Taquillas individuales con llave
Camas con enchufe y luz individual
Accesible a personas con movilidad reducida
Resguardo para bicicletas
Jardín","Opening period not recorded. Source lists languages and facilities: Spanish, English and French; dinner; breakfast EUR 4; washing machine and dryer; individual lockers with keys; beds with individual power sockets and lights; accessible for people with reduced mobility; bicycle storage; garden.",Source content does not describe an opening period
4962,Albergue de peregrinos de Frómista,12:00 en verano y 15:00 el resto del año,12:00 in summer and 15:00 during the rest of the year,Contains times rather than an annual opening season; time meaning not inferred
4965,Acogida de invierno Betania," December a  February, y October a  Mayforma discontinua",Intermittent opening from December to February and October to May (overlapping periods as recorded; confirm availability).,"Dated, ambiguous or invalid source data needs confirmation"
4968,Albergue de peregrinos Casa del Peregrino,,,Opening period is empty
4972,Albergue Espíritu Santo,22:00,22:00,Contains times rather than an annual opening season; time meaning not inferred
4976,Albergue de peregrinos de Calzadilla de la Cueza,22:00,22:00,Contains times rather than an annual opening season; time meaning not inferred
4979,Albergue El Palomar,23:00,23:00,Contains times rather than an annual opening season; time meaning not inferred
4980,Albergue La Morena,Check-in: 13:00 a 20:00,Check-in: 13:00 to 20:00,Contains times rather than an annual opening season; time meaning not inferred
4981,Albergue Jacques de Molay,23:00,23:00,Contains times rather than an annual opening season; time meaning not inferred
4991,Albergue-hostal Sahagún,22:00,22:00,Contains times rather than an annual opening season; time meaning not inferred
4992,Albergue de peregrinos San Roque,22:00,22:00,Contains times rather than an annual opening season; time meaning not inferred
4993,Albergue parroquial Casa Rectoral,,,Opening period is empty
4995,Albergue Bercianos 1900,1 March - 31 November,"1 March to ""31 November"" (invalid end date in source; confirm closing date).","Dated, ambiguous or invalid source data needs confirmation"
4996,Albergue La Perala,"Bar-RestauranteMenú 14 euros
Lavadora y secadora
Taquillas individuales con llave
Accesible a personas con movilidad reducida
Resguardo para bicicletas cubierto",Opening period not recorded. Source lists facilities: bar/restaurant; set menu EUR 14; washing machine and dryer; individual lockers with keys; accessible for people with reduced mobility; covered bicycle storage.,Source content does not describe an opening period
5001,Albergue de peregrinos de Calzadilla de los Hermanillos,22:00,22:00,Contains times rather than an annual opening season; time meaning not inferred
5003,Albergue de peregrinos Domenico Laffi,,,Opening period is empty
5005,Albergue de peregrinos La Vieja Escuela,1 dormitorio4 plazas y 2 dormitorios2 plazas.,Opening period not recorded. Source accommodation note: one 4-bed dormitory and two 2-bed dormitories.,Source content does not describe an opening period
5006,Albergue de peregrinos de Reliegos,13:00 en verano y 14:30 el resto del año,13:00 in summer and 14:30 during the rest of the year,Contains times rather than an annual opening season; time meaning not inferred
5016,Albergue-Hostal El Delfín Verde,No tiene,"Opening period not recorded (source says ""None""; meaning unclear).",Source content does not describe an opening period
5017,Albergue La Torre,"Cerrado temporalmente [All Year, en temporada baja reserva necesaria]","Temporarily closed (undated source note; confirm current status). Previously listed as open all year, with reservations required in low season.","Dated, ambiguous or invalid source data needs confirmation"
5019,Albergue-Residencia San Francisco de Asís,00:00,00:00,Contains times rather than an annual opening season; time meaning not inferred
5031,Albergue de peregrinos de Villadangos del Páramo,13:00,13:00,Contains times rather than an annual opening season; time meaning not inferred
5033,Albergue Santa Ana,No tiene,"Opening period not recorded (source says ""None""; meaning unclear).",Source content does not describe an opening period
5034,Albergue Vieira,22:30,22:30,Contains times rather than an annual opening season; time meaning not inferred
5036,Albergue La Huella,22:00,22:00,Contains times rather than an annual opening season; time meaning not inferred
5049,Albergue parroquial de Santibáñez de Valdeiglesias,,,Opening period is empty
5052,Albergue de peregrinos Siervas de María,,,Opening period is empty
5053,Albergue San Javier,En 2023: del 24 April - 31 October,2023 season: 24 April to 31 October. Current opening dates need confirmation.,"Dated, ambiguous or invalid source data needs confirmation"
5063,Albergue San Antonio de Padua,22:00,22:00,Contains times rather than an annual opening season; time meaning not inferred
5084,Albergue de peregrinos Ecce Homo,22:00,22:00,Contains times rather than an annual opening season; time meaning not inferred
5087,Albergue de peregrinos de Castrillo de los Polvazares,12:00,12:00,Contains times rather than an annual opening season; time meaning not inferred
5089,Albergue-Casa Rural El Caminante,No tiene,"Opening period not recorded (source says ""None""; meaning unclear).",Source content does not describe an opening period
5092,Albergue Indian Way,10:00,10:00,Contains times rather than an annual opening season; time meaning not inferred
5102,Albergue Casa Chelo,22:00,22:00,Contains times rather than an annual opening season; time meaning not inferred
5112,Albergue de peregrinos de Riego de Ambrós,21:30,21:30,Contains times rather than an annual opening season; time meaning not inferred
5114,Albergue Compostela,22:30,22:30,Contains times rather than an annual opening season; time meaning not inferred
5116,Albergue San Roque,23:00,23:00,Contains times rather than an annual opening season; time meaning not inferred
5118,Albergue parroquial San Nicolás de Flüe,Entre las 13:00 y las 15:00 (según temporada),"Between 13:00 and 15:00, depending on the season (type of time not specified).",Contains times rather than an annual opening season; time meaning not inferred
5121,Albergue Alda Pilgrim Ponferrada,14:00 a 00:00,14:00 to 00:00,Contains times rather than an annual opening season; time meaning not inferred
5131,Albergue-Hostal La Gallega,23:00,23:00,Contains times rather than an annual opening season; time meaning not inferred
5136,Albergue Ave Fénix,,,Opening period is empty
5141,Albergue La Yedra,22:30,22:30,Contains times rather than an annual opening season; time meaning not inferred
5159,Albergue-Hostal Camynos,22:00,22:00,Contains times rather than an annual opening season; time meaning not inferred
5162,Albergue Pequeño Potala,13:00 aproximadamente,13:00 approximately,Contains times rather than an annual opening season; time meaning not inferred
5163,Albergue El Rincón de PIN,22:00,22:00,Contains times rather than an annual opening season; time meaning not inferred
5169,Albergue de peregrinos de O Cebreiro,22:00,22:00,Contains times rather than an annual opening season; time meaning not inferred
5174,Albergue de peregrinos de Hospital da Condesa,22:00,22:00,Contains times rather than an annual opening season; time meaning not inferred
5177,Albergue Fillobal,En 2022 a partir del 1 May. All Year,"2022 note: open from 1 May, then all year. Current opening dates need confirmation.","Dated, ambiguous or invalid source data needs confirmation"
5178,Albergue de peregrinos de Triacastela,22:00,22:00,Contains times rather than an annual opening season; time meaning not inferred
5180,Albergue Berce do Camiño,23:00,23:00,Contains times rather than an annual opening season; time meaning not inferred
5195,Albergue de peregrinos de Calvor,23:00,23:00,Contains times rather than an annual opening season; time meaning not inferred
5196,Albergue de peregrinos de Sarria,22:00,22:00,Contains times rather than an annual opening season; time meaning not inferred
5224,Albergue de peregrinos Casa Forte de Lusío,22:00,22:00,Contains times rather than an annual opening season; time meaning not inferred
5225,Albergue del Monasterio de Samos,,,Opening period is empty
5269,Albergue de peregrinos de Barbadelo,22:00,22:00,Contains times rather than an annual opening season; time meaning not inferred
5274,Albergue de peregrinos de Ferreiros,22:00,22:00,Contains times rather than an annual opening season; time meaning not inferred
5278,Albergue de peregrinos de Portomarín,22:00,22:00,Contains times rather than an annual opening season; time meaning not inferred
5284,Albergue Folgueira,10:00,10:00,Contains times rather than an annual opening season; time meaning not inferred
5286,Albergue-Pensión Manuel,23:00,23:00,Contains times rather than an annual opening season; time meaning not inferred
5288,Albergue-Pensión Pons Minea,00:00,00:00,Contains times rather than an annual opening season; time meaning not inferred
5291,Albergue-Pensión Casona da Ponte,23:00,23:00,Contains times rather than an annual opening season; time meaning not inferred
5308,Albergue de peregrinos de Gonzar,23:00,23:00,Contains times rather than an annual opening season; time meaning not inferred
5312,Albergue de peregrinos de Hospital da Cruz,22:00,22:00,Contains times rather than an annual opening season; time meaning not inferred
5315,Albergue La Fuente del Peregrino,,,Opening period is empty
5316,Albergue de peregrinos de Airexe-Ligonde,23:00,23:00,Contains times rather than an annual opening season; time meaning not inferred
5318,Albergue de peregrinos Os Chacotes,22:00,22:00,Contains times rather than an annual opening season; time meaning not inferred
5319,Albergue de peregrinos de Palas de Rei,22:00,22:00,Contains times rather than an annual opening season; time meaning not inferred
5327,Albergue-Pensión Arenas Palas,13:00 a 21:00,13:00 to 21:00,Contains times rather than an annual opening season; time meaning not inferred
5341,Albergue de peregrinos de Casanova,22:00,22:00,Contains times rather than an annual opening season; time meaning not inferred
5342,Albergue de peregrinos de Melide,22:00,22:00,Contains times rather than an annual opening season; time meaning not inferred
5352,Albergue Ezequiel,13:00,13:00,Contains times rather than an annual opening season; time meaning not inferred
5357,Albergue de peregrinos de Ribadiso de Baixo,22:00,22:00,Contains times rather than an annual opening season; time meaning not inferred
5360,Albergue Mirador de Ribadiso,"MicroondasNevera
Lavadora y secadora
Taquillas individuales con llave
Camas con enchufe y luz individual",Opening period not recorded. Source lists facilities: microwave; fridge; washing machine and dryer; individual lockers with keys; beds with individual power sockets and lights.,Source content does not describe an opening period
5361,Albergue de peregrinos de Arzúa,22:00,22:00,Contains times rather than an annual opening season; time meaning not inferred
5375,Albergue Los Tres Abetos,22:00,22:00,Contains times rather than an annual opening season; time meaning not inferred
5377,Albergue Cruce de Caminos,23:00,23:00,Contains times rather than an annual opening season; time meaning not inferred
5397,Albergue A Ponte de Ferreiros,22:00,22:00,Contains times rather than an annual opening season; time meaning not inferred
5401,Albergue Andaina,23:00,23:00,Contains times rather than an annual opening season; time meaning not inferred
5402,Albergue de peregrinos de Santa Irene,22:00,22:00,Contains times rather than an annual opening season; time meaning not inferred
5406,Albergue de peregrinos de Arca - O Pino,22:00,22:00,Contains times rather than an annual opening season; time meaning not inferred
5425,Albergue de peregrinos del Monte do Gozo,22:00,22:00,Contains times rather than an annual opening season; time meaning not inferred
5428,Residencia de peregrinos San Lázaro,22:00,22:00,Contains times rather than an annual opening season; time meaning not inferred
5432,Albergue Mundoalbergue,Precio según temporada.,Opening period not recorded. Source note: prices vary by season.,Source content does not describe an opening period
5439,Albergue Blanco,14:00 a 22:00,14:00 to 22:00,Contains times rather than an annual opening season; time meaning not inferred
5445,Albergue Alda O Fogar de Teodomiro,15:00 a 21:00,15:00 to 21:00,Contains times rather than an annual opening season; time meaning not inferred
5446,Albergue A Fonte de Compostela,16:30 a 20:00,16:30 to 20:00,Contains times rather than an annual opening season; time meaning not inferred
5448,Albergue Linares,13:00 a 17:00,13:00 to 17:00,Contains times rather than an annual opening season; time meaning not inferred
5449,Ospitalia Refuge Municipal,14:00 a 20:30 (22:30 sábados y domingos),14:00 to 20:30 (22:30 on Saturdays and Sundays),Contains times rather than an annual opening season; time meaning not inferred
5450,Refuge Accueil Paroissial Kaserna,15:00 a 20:00,15:00 to 20:00,Contains times rather than an annual opening season; time meaning not inferred
5452,Gîte d'étape Ultreia Vertes Montagnes et Cie,22:00,22:00,Contains times rather than an annual opening season; time meaning not inferred
5453,Gîte Le Chemin vers l'Etoile,14:00,14:00,Contains times rather than an annual opening season; time meaning not inferred
5454,Ospitalia Refuge Municipal,14:00 (16:00 en invierno) a 20:30 (22:30 sábados y domingos),14:00 (16:00 in winter) to 20:30 (22:30 on Saturdays and Sundays),Contains times rather than an annual opening season; time meaning not inferred
5455,Refuge Accueil Paroissial Kaserna,15:00 a 19:00,15:00 to 19:00,Contains times rather than an annual opening season; time meaning not inferred
5457,Gîte d'étape Ultreia,22:00,22:00,Contains times rather than an annual opening season; time meaning not inferred
5459,Gîte Izaxulo,22:30,22:30,Contains times rather than an annual opening season; time meaning not inferred
5460,Gîte Le Lièvre et La Tortue,16:00,16:00,Contains times rather than an annual opening season; time meaning not inferred
5461,Gîte Compostelle,14:00 a 22:30,14:00 to 22:30,Contains times rather than an annual opening season; time meaning not inferred
5462,Ospitalia Refuge Municipal,14:00 (16:00 en invierno) a 20:30 (22:30 sábados y domingos),14:00 (16:00 in winter) to 20:30 (22:30 on Saturdays and Sundays),Contains times rather than an annual opening season; time meaning not inferred
5463,Refuge Accueil Paroissial Kaserna,15:00 a 19:00,15:00 to 19:00,Contains times rather than an annual opening season; time meaning not inferred
5465,Gîte d'étape Ultreia,22:00,22:00,Contains times rather than an annual opening season; time meaning not inferred
5467,Gîte Izaxulo,22:30,22:30,Contains times rather than an annual opening season; time meaning not inferred
5468,Gîte Le Lièvre et La Tortue,16:00,16:00,Contains times rather than an annual opening season; time meaning not inferred
5469,Gîte Compostelle,14:00 a 22:30,14:00 to 22:30,Contains times rather than an annual opening season; time meaning not inferred
5472,Albergue-Camping Urrobi,Dormitorios10 a 2 plazas. 16+ € en tienda / 117+ € bungalow.,"Opening period not recorded. Source accommodation note: ""Dormitories: 10 to 2 places"" (wording unclear); tent from EUR 16; bungalow from EUR 117.","Source content does not describe an opening period; Dated, ambiguous or invalid source data needs confirmation"
5473,Albergue Irugoienea,22:00,22:00,Contains times rather than an annual opening season; time meaning not inferred
5474,Albergue-Hostal Haizea,16:00,16:00,Contains times rather than an annual opening season; time meaning not inferred
5476,Albergue-Pensión Zaldiko,11:30 a 18:30,11:30 to 18:30,Contains times rather than an annual opening season; time meaning not inferred
5478,Albergue Suseia,13:00 a 19:00,13:00 to 19:00,Contains times rather than an annual opening season; time meaning not inferred
5482,Albergue-Pensión Zaldiko,11:30 a 18:30,11:30 to 18:30,Contains times rather than an annual opening season; time meaning not inferred
5484,Albergue Suseia,13:00 a 19:00,13:00 to 19:00,Contains times rather than an annual opening season; time meaning not inferred
5487,Ospitalia Refuge Municipal,14:00 (16:00 en invierno) a 20:30 (22:30 sábados y domingos),14:00 (16:00 in winter) to 20:30 (22:30 on Saturdays and Sundays),Contains times rather than an annual opening season; time meaning not inferred
5488,Refuge Accueil Paroissial Kaserna,15:00 a 19:00,15:00 to 19:00,Contains times rather than an annual opening season; time meaning not inferred
5490,Gîte d'étape Ultreia,22:00,22:00,Contains times rather than an annual opening season; time meaning not inferred
5492,Gîte Izaxulo,22:30,22:30,Contains times rather than an annual opening season; time meaning not inferred
5493,Gîte Le Lièvre et La Tortue,16:00,16:00,Contains times rather than an annual opening season; time meaning not inferred
5494,Gîte Compostelle,14:00 a 22:30,14:00 to 22:30,Contains times rather than an annual opening season; time meaning not inferred
5496,Refuge Accueil Paroissial Kaserna,15:00 a 19:00,15:00 to 19:00,Contains times rather than an annual opening season; time meaning not inferred
5497,Gîte d'étape Beilari,,,Opening period is empty
5499,Refuge Accueil Paroissial Kaserna,15:00 a 19:00,15:00 to 19:00,Contains times rather than an annual opening season; time meaning not inferred
5501,Gîte d'étape Ultreia,,,Opening period is empty
5503,Refuge Accueil Paroissial Kaserna,15:00 a 19:00,15:00 to 19:00,Contains times rather than an annual opening season; time meaning not inferred
5505,Gîte d'étape Ultreia,,,Opening period is empty
5507,Refuge Accueil Paroissial Kaserna,15:00 a 19:00,15:00 to 19:00,Contains times rather than an annual opening season; time meaning not inferred
5509,Gîte d'étape Ultreia,22:00,22:00,Contains times rather than an annual opening season; time meaning not inferred
5511,Gîte Izaxulo,22:30,22:30,Contains times rather than an annual opening season; time meaning not inferred
5512,Gîte Le Lièvre et La Tortue,16:00,16:00,Contains times rather than an annual opening season; time meaning not inferred
5513,Gîte Compostelle,14:00 a 22:30,14:00 to 22:30,Contains times rather than an annual opening season; time meaning not inferred
5515,Refuge Accueil Paroissial Kaserna,,,Opening period is empty
5517,Refuge Accueil Paroissial Kaserna,15:00 a 19:00,15:00 to 19:00,Contains times rather than an annual opening season; time meaning not inferred
5519,Gîte d'étape Ultreia,22:00,22:00,Contains times rather than an annual opening season; time meaning not inferred
5521,Gîte Izaxulo,22:30,22:30,Contains times rather than an annual opening season; time meaning not inferred
5522,Gîte Le Lièvre et La Tortue,16:00,16:00,Contains times rather than an annual opening season; time meaning not inferred
5523,Gîte Compostelle,14:00 a 22:30,14:00 to 22:30,Contains times rather than an annual opening season; time meaning not inferred
5525,Refuge Accueil Paroissial Kaserna,15:00 a 19:00,15:00 to 19:00,Contains times rather than an annual opening season; time meaning not inferred
5527,Gîte d'étape Ultreia,22:00,22:00,Contains times rather than an annual opening season; time meaning not inferred
5529,Gîte Izaxulo,,,Opening period is empty
5531,Refuge Accueil Paroissial Kaserna,15:00 a 19:00,15:00 to 19:00,Contains times rather than an annual opening season; time meaning not inferred
5533,Gîte d'étape Ultreia,22:00,22:00,Contains times rather than an annual opening season; time meaning not inferred
5535,Gîte Izaxulo,,,Opening period is empty
5537,Refuge Accueil Paroissial Kaserna,15:00 a 19:00,15:00 to 19:00,Contains times rather than an annual opening season; time meaning not inferred
5539,Gîte d'étape Ultreia,22:00,22:00,Contains times rather than an annual opening season; time meaning not inferred
5541,Gîte Izaxulo,22:30,22:30,Contains times rather than an annual opening season; time meaning not inferred
5542,Gîte Le Lièvre et La Tortue,16:00,16:00,Contains times rather than an annual opening season; time meaning not inferred
5543,Gîte Compostelle,14:00 a 22:30,14:00 to 22:30,Contains times rather than an annual opening season; time meaning not inferred
5545,Refuge Accueil Paroissial Kaserna,15:00 a 19:00,15:00 to 19:00,Contains times rather than an annual opening season; time meaning not inferred
5547,Gîte d'étape Ultreia,22:00,22:00,Contains times rather than an annual opening season; time meaning not inferred
5549,Gîte Izaxulo,22:30,22:30,Contains times rather than an annual opening season; time meaning not inferred
5550,Gîte Le Lièvre et La Tortue,16:00,16:00,Contains times rather than an annual opening season; time meaning not inferred
5551,Gîte Compostelle,14:00 a 22:30,14:00 to 22:30,Contains times rather than an annual opening season; time meaning not inferred
5552,Gîte La Coquille Napoléon,,,Opening period is empty
5554,Refuge Accueil Paroissial Kaserna,15:00 a 19:00,15:00 to 19:00,Contains times rather than an annual opening season; time meaning not inferred
5556,Gîte d'étape Ultreia,22:00,22:00,Contains times rather than an annual opening season; time meaning not inferred
5558,Gîte Izaxulo,22:30,22:30,Contains times rather than an annual opening season; time meaning not inferred
5559,Gîte Le Lièvre et La Tortue,16:00,16:00,Contains times rather than an annual opening season; time meaning not inferred
5560,Gîte Compostelle,14:00 a 22:30,14:00 to 22:30,Contains times rather than an annual opening season; time meaning not inferred
5561,Gîte La Coquille Napoléon,,,Opening period is empty
5563,Refuge Accueil Paroissial Kaserna,15:00 a 19:00,15:00 to 19:00,Contains times rather than an annual opening season; time meaning not inferred
5565,Gîte d'étape Ultreia,22:00,22:00,Contains times rather than an annual opening season; time meaning not inferred
5567,Gîte Izaxulo,22:30,22:30,Contains times rather than an annual opening season; time meaning not inferred
5568,Gîte Le Lièvre et La Tortue,16:00,16:00,Contains times rather than an annual opening season; time meaning not inferred
5569,Gîte Compostelle,14:00 a 22:30,14:00 to 22:30,Contains times rather than an annual opening season; time meaning not inferred
5570,Gîte La Coquille Napoléon,,,Opening period is empty
5572,Refuge Accueil Paroissial Kaserna,15:00 a 19:00,15:00 to 19:00,Contains times rather than an annual opening season; time meaning not inferred
5574,Gîte d'étape Ultreia,22:00,22:00,Contains times rather than an annual opening season; time meaning not inferred
5576,Gîte Izaxulo,22:30,22:30,Contains times rather than an annual opening season; time meaning not inferred
5577,Gîte Le Lièvre et La Tortue,16:00,16:00,Contains times rather than an annual opening season; time meaning not inferred
5578,Gîte Compostelle,14:00 a 22:30,14:00 to 22:30,Contains times rather than an annual opening season; time meaning not inferred
5579,Gîte La Coquille Napoléon,,,Opening period is empty
5582,Refuge Accueil Paroissial Kaserna,15:00 a 19:00,15:00 to 19:00,Contains times rather than an annual opening season; time meaning not inferred
5584,Gîte d'étape Ultreia,22:00,22:00,Contains times rather than an annual opening season; time meaning not inferred
5586,Gîte Izaxulo,22:30,22:30,Contains times rather than an annual opening season; time meaning not inferred
5587,Gîte Le Lièvre et La Tortue,16:00,16:00,Contains times rather than an annual opening season; time meaning not inferred
5588,Gîte Compostelle,14:00 a 22:30,14:00 to 22:30,Contains times rather than an annual opening season; time meaning not inferred
5589,Gîte La Coquille Napoléon,,,Opening period is empty
5591,Refuge Accueil Paroissial Kaserna,15:00 a 19:00,15:00 to 19:00,Contains times rather than an annual opening season; time meaning not inferred
5593,Gîte d'étape Ultreia,22:00,22:00,Contains times rather than an annual opening season; time meaning not inferred
5595,Gîte Izaxulo,22:30,22:30,Contains times rather than an annual opening season; time meaning not inferred
5596,Gîte Le Lièvre et La Tortue,16:00,16:00,Contains times rather than an annual opening season; time meaning not inferred
5597,Gîte Compostelle,14:00 a 22:30,14:00 to 22:30,Contains times rather than an annual opening season; time meaning not inferred
5598,Gîte La Coquille Napoléon,,,Opening period is empty
5600,Refuge Accueil Paroissial Kaserna,15:00 a 19:00,15:00 to 19:00,Contains times rather than an annual opening season; time meaning not inferred
5602,Gîte d'étape Ultreia,22:00,22:00,Contains times rather than an annual opening season; time meaning not inferred
5604,Gîte Izaxulo,22:30,22:30,Contains times rather than an annual opening season; time meaning not inferred
5605,Gîte Le Lièvre et La Tortue,16:00,16:00,Contains times rather than an annual opening season; time meaning not inferred
5606,Gîte Compostelle,14:00 a 22:30,14:00 to 22:30,Contains times rather than an annual opening season; time meaning not inferred
5607,Gîte La Coquille Napoléon,,,Opening period is empty
5609,Refuge Accueil Paroissial Kaserna,15:00 a 19:00,15:00 to 19:00,Contains times rather than an annual opening season; time meaning not inferred
5611,Gîte d'étape Ultreia,22:00,22:00,Contains times rather than an annual opening season; time meaning not inferred
5613,Gîte Izaxulo,22:30,22:30,Contains times rather than an annual opening season; time meaning not inferred
5614,Gîte Le Lièvre et La Tortue,16:00,16:00,Contains times rather than an annual opening season; time meaning not inferred
5615,Gîte Compostelle,14:00 a 22:30,14:00 to 22:30,Contains times rather than an annual opening season; time meaning not inferred
5616,Gîte La Coquille Napoléon,,,Opening period is empty
5618,Refuge Accueil Paroissial Kaserna,15:00 a 19:00,15:00 to 19:00,Contains times rather than an annual opening season; time meaning not inferred
5620,Gîte d'étape Ultreia,22:00,22:00,Contains times rather than an annual opening season; time meaning not inferred
5622,Gîte Izaxulo,22:30,22:30,Contains times rather than an annual opening season; time meaning not inferred
5623,Gîte Le Lièvre et La Tortue,16:00,16:00,Contains times rather than an annual opening season; time meaning not inferred
5624,Gîte Compostelle,14:00 a 22:30,14:00 to 22:30,Contains times rather than an annual opening season; time meaning not inferred
5625,Gîte La Coquille Napoléon,,,Opening period is empty
5626,Gîte d'étape Zuharpeta,,,Opening period is empty
5627,Gîte Bidean,,,Opening period is empty
5629,Refuge Accueil Paroissial Kaserna,15:00 a 19:00,15:00 to 19:00,Contains times rather than an annual opening season; time meaning not inferred
5631,Gîte d'étape Ultreia,22:00,22:00,Contains times rather than an annual opening season; time meaning not inferred
5633,Gîte Izaxulo,22:30,22:30,Contains times rather than an annual opening season; time meaning not inferred
5634,Gîte Le Lièvre et La Tortue,16:00,16:00,Contains times rather than an annual opening season; time meaning not inferred
5635,Gîte Compostelle,14:00 a 22:30,14:00 to 22:30,Contains times rather than an annual opening season; time meaning not inferred
5636,Gîte La Coquille Napoléon,,,Opening period is empty
5637,Gîte d'étape Zuharpeta,,,Opening period is empty
5638,Gîte Bidean,,,Opening period is empty
5640,Refuge Accueil Paroissial Kaserna,15:00 a 19:00,15:00 to 19:00,Contains times rather than an annual opening season; time meaning not inferred
5642,Gîte d'étape Ultreia,22:00,22:00,Contains times rather than an annual opening season; time meaning not inferred
5644,Gîte Izaxulo,22:30,22:30,Contains times rather than an annual opening season; time meaning not inferred
5645,Gîte Le Lièvre et La Tortue,16:00,16:00,Contains times rather than an annual opening season; time meaning not inferred
5646,Gîte Compostelle,14:00 a 22:30,14:00 to 22:30,Contains times rather than an annual opening season; time meaning not inferred
5647,Gîte La Coquille Napoléon,,,Opening period is empty
5648,Gîte d'étape Zuharpeta,,,Opening period is empty
5649,Gîte Bidean,,,Opening period is empty
5651,Refuge Accueil Paroissial Kaserna,15:00 a 19:00,15:00 to 19:00,Contains times rather than an annual opening season; time meaning not inferred
5653,Gîte d'étape Ultreia,22:00,22:00,Contains times rather than an annual opening season; time meaning not inferred
5655,Gîte Izaxulo,22:30,22:30,Contains times rather than an annual opening season; time meaning not inferred
5656,Gîte Le Lièvre et La Tortue,16:00,16:00,Contains times rather than an annual opening season; time meaning not inferred
5657,Gîte Compostelle,14:00 a 22:30,14:00 to 22:30,Contains times rather than an annual opening season; time meaning not inferred
5658,Gîte La Coquille Napoléon,,,Opening period is empty
5659,Gîte d'étape Zuharpeta,,,Opening period is empty
5660,Gîte Bidean,,,Opening period is empty
5662,Refuge Accueil Paroissial Kaserna,15:00 a 19:00,15:00 to 19:00,Contains times rather than an annual opening season; time meaning not inferred
5664,Gîte d'étape Ultreia,22:00,22:00,Contains times rather than an annual opening season; time meaning not inferred
5666,Gîte Izaxulo,22:30,22:30,Contains times rather than an annual opening season; time meaning not inferred
5667,Gîte Le Lièvre et La Tortue,16:00,16:00,Contains times rather than an annual opening season; time meaning not inferred
5668,Gîte Compostelle,14:00 a 22:30,14:00 to 22:30,Contains times rather than an annual opening season; time meaning not inferred
5669,Gîte La Coquille Napoléon,,,Opening period is empty
5670,Gîte d'étape Zuharpeta,,,Opening period is empty
5671,Gîte Bidean,,,Opening period is empty
5673,Refuge Accueil Paroissial Kaserna,15:00 a 19:00,15:00 to 19:00,Contains times rather than an annual opening season; time meaning not inferred
5675,Gîte d'étape Ultreia,22:00,22:00,Contains times rather than an annual opening season; time meaning not inferred
5677,Gîte Izaxulo,22:30,22:30,Contains times rather than an annual opening season; time meaning not inferred
5678,Gîte Le Lièvre et La Tortue,16:00,16:00,Contains times rather than an annual opening season; time meaning not inferred
5679,Gîte Compostelle,14:00 a 22:30,14:00 to 22:30,Contains times rather than an annual opening season; time meaning not inferred
5680,Gîte La Coquille Napoléon,,,Opening period is empty
5681,Gîte d'étape Zuharpeta,,,Opening period is empty
5682,Gîte Bidean,15:00 a 22:30,15:00 to 22:30,Contains times rather than an annual opening season; time meaning not inferred
5683,Ospitalia Refuge Municipal,14:00 (16:00 en invierno) a 20:30 (22:30 sábados y domingos),14:00 (16:00 in winter) to 20:30 (22:30 on Saturdays and Sundays),Contains times rather than an annual opening season; time meaning not inferred
5684,Refuge Accueil Paroissial Kaserna,15:00 a 19:00,15:00 to 19:00,Contains times rather than an annual opening season; time meaning not inferred
5686,Gîte d'étape Ultreia,22:00,22:00,Contains times rather than an annual opening season; time meaning not inferred
5688,Gîte Izaxulo,,,Opening period is empty
5689,Gîte Compostelle,,,Opening period is empty
5690,Ospitalia Refuge Municipal,14:00 (16:00 en invierno) a 20:30 (22:30 sábados y domingos),14:00 (16:00 in winter) to 20:30 (22:30 on Saturdays and Sundays),Contains times rather than an annual opening season; time meaning not inferred
5691,Ospitalia Refuge Municipal,14:00 (16:00 en invierno) a 20:30 (22:30 sábados y domingos),14:00 (16:00 in winter) to 20:30 (22:30 on Saturdays and Sundays),Contains times rather than an annual opening season; time meaning not inferred
5692,Refuge Accueil Paroissial Kaserna,15:00 a 19:00,15:00 to 19:00,Contains times rather than an annual opening season; time meaning not inferred
5693,Gîte d'étape Beilari,22:00,22:00,Contains times rather than an annual opening season; time meaning not inferred
5696,Refuge Accueil Paroissial Kaserna,15:00 a 19:00,15:00 to 19:00,Contains times rather than an annual opening season; time meaning not inferred
5697,Gîte d'étape Beilari,22:00,22:00,Contains times rather than an annual opening season; time meaning not inferred
5700,Gîte Izaxulo,22:30,22:30,Contains times rather than an annual opening season; time meaning not inferred
5701,Gîte Le Lièvre et La Tortue,16:00,16:00,Contains times rather than an annual opening season; time meaning not inferred
5702,Gîte Compostelle,14:00 a 22:30,14:00 to 22:30,Contains times rather than an annual opening season; time meaning not inferred
5704,Refuge Accueil Paroissial Kaserna,15:00 a 19:00,15:00 to 19:00,Contains times rather than an annual opening season; time meaning not inferred
5705,Gîte d'étape Beilari,22:00,22:00,Contains times rather than an annual opening season; time meaning not inferred
5708,Gîte Izaxulo,22:30,22:30,Contains times rather than an annual opening season; time meaning not inferred
5709,Gîte Le Lièvre et La Tortue,16:00,16:00,Contains times rather than an annual opening season; time meaning not inferred
5710,Gîte Compostelle,14:00 a 22:30,14:00 to 22:30,Contains times rather than an annual opening season; time meaning not inferred
5712,Refuge Accueil Paroissial Kaserna,15:00 a 19:00,15:00 to 19:00,Contains times rather than an annual opening season; time meaning not inferred
5713,Gîte d'étape Beilari,22:00,22:00,Contains times rather than an annual opening season; time meaning not inferred
5716,Gîte Izaxulo,22:30,22:30,Contains times rather than an annual opening season; time meaning not inferred
5717,Gîte Le Lièvre et La Tortue,16:00,16:00,Contains times rather than an annual opening season; time meaning not inferred
5718,Gîte Compostelle,14:00 a 22:30,14:00 to 22:30,Contains times rather than an annual opening season; time meaning not inferred
5720,Refuge Accueil Paroissial Kaserna,15:00 a 19:00,15:00 to 19:00,Contains times rather than an annual opening season; time meaning not inferred
5721,Gîte d'étape Beilari,22:00,22:00,Contains times rather than an annual opening season; time meaning not inferred
5724,Gîte Izaxulo,22:30,22:30,Contains times rather than an annual opening season; time meaning not inferred
5725,Gîte Le Lièvre et La Tortue,16:00,16:00,Contains times rather than an annual opening season; time meaning not inferred
5726,Gîte Compostelle,14:00 a 22:30,14:00 to 22:30,Contains times rather than an annual opening season; time meaning not inferred
5728,Refuge Accueil Paroissial Kaserna,15:00 a 19:00,15:00 to 19:00,Contains times rather than an annual opening season; time meaning not inferred
5729,Gîte d'étape Beilari,22:00,22:00,Contains times rather than an annual opening season; time meaning not inferred
5732,Gîte Izaxulo,22:30,22:30,Contains times rather than an annual opening season; time meaning not inferred
5733,Gîte Le Lièvre et La Tortue,16:00,16:00,Contains times rather than an annual opening season; time meaning not inferred
5734,Gîte Compostelle,14:00 a 22:30,14:00 to 22:30,Contains times rather than an annual opening season; time meaning not inferred
5736,Refuge Accueil Paroissial Kaserna,15:00 a 19:00,15:00 to 19:00,Contains times rather than an annual opening season; time meaning not inferred
5737,Gîte d'étape Beilari,22:00,22:00,Contains times rather than an annual opening season; time meaning not inferred
5740,Gîte Izaxulo,22:30,22:30,Contains times rather than an annual opening season; time meaning not inferred
5741,Gîte Le Lièvre et La Tortue,16:00,16:00,Contains times rather than an annual opening season; time meaning not inferred
5742,Gîte Compostelle,14:00 a 22:30,14:00 to 22:30,Contains times rather than an annual opening season; time meaning not inferred
5746,Albergue Irugoienea,22:00,22:00,Contains times rather than an annual opening season; time meaning not inferred
5747,Albergue-Hostal Haizea,16:00,16:00,Contains times rather than an annual opening season; time meaning not inferred
5749,Albergue-Pensión Zaldiko,11:30 a 18:30,11:30 to 18:30,Contains times rather than an annual opening season; time meaning not inferred
5751,Albergue Suseia,13:00 a 19:00,13:00 to 19:00,Contains times rather than an annual opening season; time meaning not inferred
5752,Albergue Río Arga Ibaia,"Sí, recomendada en temporada baja","Opening period not recorded. Source note: ""Yes, recommended in low season"" (appears to refer to reservations).",Source content does not describe an opening period
5755,Albergue-Pensión Zaldiko,11:30 a 18:30,11:30 to 18:30,Contains times rather than an annual opening season; time meaning not inferred
5757,Albergue Suseia,13:00 a 19:00,13:00 to 19:00,Contains times rather than an annual opening season; time meaning not inferred
5758,Albergue Río Arga Ibaia,"Sí, recomendada en temporada baja","Opening period not recorded. Source note: ""Yes, recommended in low season"" (appears to refer to reservations).",Source content does not describe an opening period
