pathID,sequence,distanceAlongPathMetre,elevationMetres,latitude,longitude
1,0,0,190.06,43.16367,-1.23492
1,1,10,189.9,43.16365,-1.23504
1,2,20,189.68,43.16363,-1.23516
1,3,30,189.63,43.1636,-1.23528
1,4,40,189.34,43.16357,-1.23539
1,5,50,188.84,43.16354,-1.23551
1,6,60,188.54,43.1635,-1.23562
1,7,70,188.41,43.16345,-1.23572
1,8,80,188.12,43.1634,-1.23582
1,9,90,187.84,43.16334,-1.23592
1,10,100,187.39,43.16329,-1.23602
1,11,110,186.94,43.16324,-1.23612
1,12,120,185.92,43.16319,-1.23622
1,13,130,184.58,43.16314,-1.23632
1,14,140,183.14,43.16309,-1.23642
1,15,150,181.5,43.16304,-1.23653
1,16,160,179.89,43.16299,-1.23663
1,17,170,178.33,43.16293,-1.23673
1,18,180,176.89,43.16288,-1.23683
1,19,190,175.49,43.16283,-1.23693
1,20,200,174.39,43.16276,-1.237
1,21,210,173.39,43.16268,-1.23706
1,22,220,172.54,43.1626,-1.23711
1,23,230,171.77,43.16252,-1.23716
1,24,240,171.32,43.16243,-1.2372
1,25,250,171.05,43.16235,-1.23723
1,26,260,170.8,43.16226,-1.23727
1,27,270,170.64,43.16218,-1.23731
1,28,280,170.61,43.16209,-1.23735
1,29,290,170.61,43.16201,-1.2374
1,30,300,170.66,43.16193,-1.23745
1,31,310,170.8,43.16184,-1.2375
1,32,320,171.03,43.16176,-1.23755
1,33,330,171.3,43.16168,-1.2376
1,34,340,171.6,43.1616,-1.23765
1,35,350,171.99,43.16151,-1.2377
1,36,360,172.36,43.16143,-1.23775
1,37,370,172.77,43.16135,-1.2378
1,38,380,173.21,43.16127,-1.23785
1,39,390,173.73,43.16118,-1.2379
1,40,400,174.15,43.1611,-1.23794
1,41,410,174.57,43.16102,-1.23799
1,42,420,174.98,43.16094,-1.23804
1,43,430,175.41,43.16085,-1.23809
1,44,440,175.82,43.16077,-1.23814
1,45,450,176.23,43.16069,-1.23818
1,46,460,176.71,43.1606,-1.23823
1,47,470,177.16,43.16052,-1.23828
1,48,480,177.65,43.16044,-1.23834
1,49,490,178.02,43.16039,-1.23841
1,50,500,178.39,43.16031,-1.23839
1,51,510,178.89,43.16023,-1.23843
1,52,520,179.41,43.16015,-1.23848
1,53,530,179.98,43.16007,-1.23854
1,54,540,180.54,43.15999,-1.23859
1,55,550,181.18,43.1599,-1.23864
1,56,560,181.8,43.15982,-1.2387
1,57,570,182.67,43.15974,-1.23875
1,58,580,183.71,43.15966,-1.23881
1,59,590,184.7,43.15958,-1.23886
1,60,600,185.54,43.15949,-1.23888
1,61,610,186.23,43.1594,-1.23888
1,62,620,186.75,43.15931,-1.23886
1,63,630,187.35,43.15922,-1.23885
1,64,640,187.95,43.15913,-1.23884
1,65,650,188.72,43.15905,-1.23885
1,66,660,189.98,43.15898,-1.23892
1,67,670,191.36,43.1589,-1.23899
1,68,680,192.57,43.15883,-1.23905
1,69,690,193.9,43.15875,-1.23911
1,70,700,195.34,43.15867,-1.23918
1,71,710,196.61,43.1586,-1.23924
1,72,720,198.1,43.15852,-1.23931
1,73,730,199.51,43.15844,-1.23937
1,74,740,201.26,43.15836,-1.23942
1,75,750,202.93,43.15827,-1.23944
1,76,760,204.45,43.15818,-1.23945
1,77,770,206.07,43.15809,-1.23947
1,78,780,207.54,43.158,-1.23948
1,79,790,208.84,43.15792,-1.23949
1,80,800,210.36,43.15783,-1.23951
1,81,810,211.84,43.15774,-1.23953
1,82,820,212.89,43.15765,-1.23955
1,83,830,214.01,43.15756,-1.23959
1,84,840,215.04,43.15749,-1.23965
1,85,850,216.1,43.15742,-1.23972
1,86,860,217.12,43.15733,-1.23976
1,87,870,218.05,43.15724,-1.23979
1,88,880,218.93,43.15716,-1.23983
1,89,890,219.81,43.15707,-1.23986
1,90,900,220.28,43.15698,-1.23989
1,91,910,220.57,43.15689,-1.23992
1,92,920,220.83,43.15681,-1.23995
1,93,930,221.1,43.15672,-1.23998
1,94,940,221.35,43.15663,-1.24001
1,95,950,221.58,43.15655,-1.24004
1,96,960,221.84,43.15646,-1.24008
1,97,970,222.26,43.15637,-1.24012
1,98,980,222.93,43.15629,-1.24017
1,99,990,223.72,43.15621,-1.24023
1,100,1000,224.46,43.15614,-1.24029
1,101,1010,225.25,43.15606,-1.24035
1,102,1020,226.04,43.15598,-1.24041
1,103,1030,226.9,43.1559,-1.24048
1,104,1040,227.71,43.15583,-1.24055
1,105,1050,228.5,43.15575,-1.24061
1,106,1060,229.31,43.15568,-1.24068
1,107,1070,230.69,43.1556,-1.24075
1,108,1080,232.56,43.15553,-1.24082
1,109,1090,234.86,43.15552,-1.24094
1,110,1100,236.25,43.15551,-1.24101
1,111,1110,237.08,43.15543,-1.241
1,112,1120,238.03,43.15534,-1.24099
1,113,1130,239.74,43.15525,-1.24102
1,114,1140,241.54,43.15517,-1.24106
1,115,1150,243.5,43.15508,-1.2411
1,116,1160,245.49,43.15499,-1.24114
1,117,1170,247.12,43.15491,-1.24117
1,118,1180,248.96,43.15482,-1.24121
1,119,1190,250.55,43.15474,-1.24125
1,120,1200,252.11,43.15465,-1.24129
1,121,1210,253.45,43.15457,-1.24133
1,122,1220,254.86,43.15448,-1.24138
1,123,1230,255.92,43.1544,-1.24142
1,124,1240,256.93,43.15432,-1.24146
1,125,1250,258.39,43.15423,-1.24151
1,126,1260,259.5,43.15415,-1.24155
1,127,1270,260.6,43.15406,-1.24159
1,128,1280,261.45,43.15397,-1.24162
1,129,1290,262.07,43.15389,-1.24164
1,130,1300,262.83,43.1538,-1.24167
1,131,1310,263.4,43.15371,-1.24169
1,132,1320,263.94,43.15362,-1.24171
1,133,1330,263.95,43.15353,-1.24173
1,134,1340,263.97,43.15344,-1.24176
1,135,1350,264.0,43.15336,-1.24179
1,136,1360,263.97,43.15327,-1.24182
1,137,1370,263.89,43.15318,-1.24185
1,138,1380,263.79,43.15309,-1.24188
1,139,1390,263.69,43.15301,-1.24191
1,140,1400,263.5,43.15292,-1.24194
1,141,1410,262.9,43.15283,-1.24197
1,142,1420,262.23,43.15274,-1.24199
1,143,1430,261.74,43.15266,-1.24202
1,144,1440,261.17,43.15257,-1.24205
1,145,1450,260.53,43.15248,-1.24207
1,146,1460,259.99,43.15239,-1.2421
1,147,1470,259.54,43.15231,-1.24213
1,148,1480,259.09,43.15222,-1.24216
1,149,1490,258.71,43.15213,-1.24219
1,150,1500,258.34,43.15204,-1.24222
1,151,1510,258.2,43.15196,-1.24226
1,152,1520,258.21,43.15188,-1.24231
1,153,1530,258.16,43.15179,-1.24236
1,154,1540,258.07,43.15171,-1.2424
1,155,1550,258.13,43.15163,-1.24245
1,156,1560,257.99,43.15154,-1.24249
1,157,1570,258.0,43.15146,-1.24254
1,158,1580,257.78,43.15138,-1.24258
1,159,1590,257.47,43.15129,-1.24263
1,160,1600,257.03,43.15121,-1.24267
1,161,1610,256.31,43.15112,-1.2427
1,162,1620,255.44,43.15103,-1.24272
1,163,1630,254.51,43.15094,-1.24274
1,164,1640,253.68,43.15085,-1.24275
1,165,1650,253.93,43.15076,-1.24277
1,166,1660,254.16,43.15067,-1.24279
1,167,1670,254.3,43.15059,-1.24279
1,168,1680,254.47,43.1505,-1.2428
1,169,1690,254.6,43.15041,-1.24279
1,170,1700,254.74,43.15032,-1.24277
1,171,1710,254.89,43.15023,-1.24274
1,172,1720,254.93,43.15014,-1.2427
1,173,1730,254.82,43.15006,-1.24267
1,174,1740,254.73,43.14997,-1.24264
1,175,1750,254.69,43.14988,-1.24261
1,176,1760,254.7,43.1498,-1.24258
1,177,1770,254.74,43.14971,-1.24255
1,178,1780,254.79,43.14962,-1.24253
1,179,1790,254.86,43.14953,-1.24251
1,180,1800,254.75,43.14944,-1.24252
1,181,1810,254.66,43.14935,-1.24252
1,182,1820,254.5,43.14926,-1.24253
1,183,1830,254.33,43.14917,-1.24254
1,184,1840,254.24,43.14908,-1.24254
1,185,1850,254.32,43.14899,-1.24252
1,186,1860,254.33,43.1489,-1.24251
1,187,1870,254.35,43.14881,-1.2425
1,188,1880,254.81,43.14872,-1.24249
1,189,1890,255.42,43.14863,-1.24247
1,190,1900,255.94,43.14854,-1.24246
1,191,1910,256.46,43.14845,-1.24245
1,192,1920,256.98,43.14836,-1.24244
1,193,1930,257.39,43.14827,-1.24244
1,194,1940,257.5,43.14819,-1.24246
1,195,1950,257.58,43.1481,-1.24249
1,196,1960,258.11,43.14801,-1.24251
1,197,1970,258.63,43.14792,-1.24253
1,198,1980,259.29,43.14783,-1.24254
1,199,1990,259.94,43.14774,-1.24255
1,200,2000,260.6,43.14765,-1.24256
1,201,2010,261.52,43.14756,-1.24255
1,202,2020,262.43,43.14747,-1.24254
1,203,2030,263.17,43.14738,-1.24253
1,204,2040,263.9,43.14729,-1.24251
1,205,2050,264.69,43.14721,-1.24248
1,206,2060,265.52,43.14712,-1.24245
1,207,2070,266.53,43.14704,-1.2424
1,208,2080,267.46,43.14695,-1.24236
1,209,2090,268.44,43.14687,-1.24231
1,210,2100,269.41,43.14679,-1.24226
1,211,2110,270.18,43.14671,-1.24221
1,212,2120,270.75,43.14663,-1.24215
1,213,2130,271.48,43.14655,-1.24209
1,214,2140,272.36,43.14648,-1.24202
1,215,2150,273.32,43.14641,-1.24194
1,216,2160,274.2,43.14634,-1.24186
1,217,2170,275.01,43.14627,-1.24178
1,218,2180,275.76,43.1462,-1.2417
1,219,2190,276.43,43.14613,-1.24162
1,220,2200,277.08,43.14607,-1.24154
1,221,2210,277.91,43.146,-1.24145
1,222,2220,278.79,43.14593,-1.24138
1,223,2230,279.78,43.14586,-1.2413
1,224,2240,280.72,43.14579,-1.24122
1,225,2250,281.61,43.14572,-1.24114
1,226,2260,282.32,43.14565,-1.24107
1,227,2270,283.12,43.14558,-1.24099
1,228,2280,283.74,43.14551,-1.24092
1,229,2290,284.26,43.14543,-1.24085
1,230,2300,284.83,43.14536,-1.24078
1,231,2310,285.76,43.14529,-1.2407
1,232,2320,286.49,43.14521,-1.24063
1,233,2330,287.07,43.14514,-1.24057
1,234,2340,287.59,43.14506,-1.24051
1,235,2350,288.08,43.14498,-1.24045
1,236,2360,288.52,43.1449,-1.24039
1,237,2370,288.81,43.14482,-1.24034
1,238,2380,288.93,43.14473,-1.2403
1,239,2390,289.34,43.14465,-1.24026
1,240,2400,290.17,43.14456,-1.24022
1,241,2410,290.93,43.14448,-1.24018
1,242,2420,291.63,43.14439,-1.24015
1,243,2430,292.13,43.1443,-1.24014
1,244,2440,292.44,43.14421,-1.24015
1,245,2450,292.58,43.14412,-1.24018
1,246,2460,292.59,43.14404,-1.24022
1,247,2470,292.79,43.14396,-1.24028
1,248,2480,293.18,43.14389,-1.24035
1,249,2490,293.54,43.14382,-1.24043
1,250,2500,294.02,43.14375,-1.2405
1,251,2510,294.47,43.14368,-1.24058
1,252,2520,295.04,43.14361,-1.24065
1,253,2530,295.74,43.14353,-1.24073
1,254,2540,296.48,43.14346,-1.2408
1,255,2550,297.26,43.14339,-1.24088
1,256,2560,298.06,43.14332,-1.24095
1,257,2570,299.37,43.14324,-1.24101
1,258,2580,300.36,43.14317,-1.24108
1,259,2590,301.4,43.14309,-1.24115
1,260,2600,302.13,43.14302,-1.24122
1,261,2610,302.9,43.14294,-1.24129
1,262,2620,303.36,43.14287,-1.24136
1,263,2630,303.97,43.14279,-1.24142
1,264,2640,304.68,43.14271,-1.24146
1,265,2650,305.54,43.14262,-1.24149
1,266,2660,306.25,43.14253,-1.24151
1,267,2670,306.93,43.14244,-1.24153
1,268,2680,307.93,43.14235,-1.24153
1,269,2690,308.92,43.14226,-1.24153
1,270,2700,310.09,43.14217,-1.24152
1,271,2710,311.28,43.14208,-1.24151
1,272,2720,312.29,43.14199,-1.24151
1,273,2730,313.08,43.1419,-1.2415
1,274,2740,313.49,43.14181,-1.24148
1,275,2750,313.7,43.14172,-1.24147
1,276,2760,313.9,43.14163,-1.24146
1,277,2770,314.25,43.14154,-1.24144
1,278,2780,314.77,43.14146,-1.24141
1,279,2790,315.29,43.14137,-1.24138
1,280,2800,315.83,43.14128,-1.24135
1,281,2810,315.96,43.1412,-1.24131
1,282,2820,315.47,43.14111,-1.24128
1,283,2830,315.0,43.14102,-1.24125
1,284,2840,315.01,43.14094,-1.2412
1,285,2850,315.03,43.14086,-1.24115
1,286,2860,315.08,43.14078,-1.2411
1,287,2870,315.32,43.1407,-1.24104
1,288,2880,315.4,43.14062,-1.24099
1,289,2890,315.49,43.14054,-1.24093
1,290,2900,315.3,43.14046,-1.24086
1,291,2910,315.3,43.14039,-1.24079
1,292,2920,314.62,43.14031,-1.24072
1,293,2930,313.88,43.14024,-1.24066
1,294,2940,313.11,43.14016,-1.24059
1,295,2950,312.58,43.14009,-1.24052
1,296,2960,311.85,43.14001,-1.24046
1,297,2970,311.44,43.13994,-1.24039
1,298,2980,311.22,43.13987,-1.24031
1,299,2990,310.77,43.13979,-1.24024
1,300,3000,310.69,43.13972,-1.24016
1,301,3010,310.69,43.13965,-1.24008
1,302,3020,309.91,43.13958,-1.24001
1,303,3030,309.39,43.13951,-1.23993
1,304,3040,309.04,43.13944,-1.23986
1,305,3050,308.98,43.13937,-1.23978
1,306,3060,309.06,43.1393,-1.23971
1,307,3070,309.3,43.13922,-1.23964
1,308,3080,309.47,43.13914,-1.23958
1,309,3090,309.65,43.13906,-1.23952
1,310,3100,309.96,43.13899,-1.23946
1,311,3110,310.3,43.13891,-1.2394
1,312,3120,309.87,43.13883,-1.23934
1,313,3130,309.47,43.13875,-1.23928
1,314,3140,309.16,43.13867,-1.23923
1,315,3150,308.93,43.13859,-1.23918
1,316,3160,308.75,43.1385,-1.23914
1,317,3170,308.89,43.13841,-1.23911
1,318,3180,309.03,43.13833,-1.23908
1,319,3190,309.2,43.13824,-1.23905
1,320,3200,309.3,43.13815,-1.23904
1,321,3210,309.45,43.13806,-1.23902
1,322,3220,309.6,43.13797,-1.239
1,323,3230,309.76,43.13788,-1.23898
1,324,3240,310.09,43.13779,-1.23897
1,325,3250,310.92,43.1377,-1.23895
1,326,3260,311.65,43.13762,-1.23893
1,327,3270,312.46,43.13753,-1.23891
1,328,3280,313.27,43.13744,-1.23888
1,329,3290,314.09,43.13735,-1.23884
1,330,3300,314.82,43.13727,-1.23879
1,331,3310,315.51,43.13719,-1.23874
1,332,3320,316.05,43.13711,-1.23869
1,333,3330,316.32,43.13703,-1.23863
1,334,3340,316.31,43.13696,-1.23856
1,335,3350,316.13,43.13689,-1.23848
1,336,3360,315.99,43.13682,-1.23841
1,337,3370,315.88,43.13674,-1.23834
1,338,3380,315.96,43.13666,-1.23829
1,339,3390,316.36,43.13657,-1.23826
1,340,3400,316.72,43.13648,-1.23823
1,341,3410,317.48,43.13639,-1.23822
1,342,3420,317.91,43.13631,-1.23819
1,343,3430,318.43,43.13622,-1.23816
1,344,3440,318.92,43.13613,-1.23813
1,345,3450,319.55,43.13604,-1.23811
1,346,3460,320.34,43.13595,-1.2381
1,347,3470,321.46,43.13586,-1.23811
1,348,3480,322.58,43.13577,-1.23812
1,349,3490,322.68,43.13568,-1.23812
1,350,3500,322.84,43.13559,-1.23813
1,351,3510,323.01,43.1355,-1.23814
1,352,3520,322.99,43.13541,-1.23814
1,353,3530,322.75,43.13532,-1.23813
1,354,3540,322.73,43.13523,-1.23813
1,355,3550,322.46,43.13514,-1.23812
1,356,3560,321.84,43.13506,-1.2381
1,357,3570,320.79,43.13497,-1.23809
1,358,3580,319.51,43.13488,-1.23807
1,359,3590,318.95,43.13479,-1.23808
1,360,3600,319.35,43.1347,-1.23813
1,361,3610,320.15,43.13463,-1.23819
1,362,3620,321.41,43.13456,-1.23827
1,363,3630,322.88,43.13449,-1.23836
1,364,3640,324.18,43.13443,-1.23844
1,365,3650,325.8,43.13436,-1.23853
1,366,3660,327.56,43.1343,-1.23861
1,367,3670,329.57,43.13423,-1.2387
1,368,3680,331.07,43.13417,-1.23878
1,369,3690,332.6,43.1341,-1.23886
1,370,3700,333.82,43.13402,-1.23892
1,371,3710,334.28,43.13393,-1.23894
1,372,3720,334.32,43.13384,-1.23894
1,373,3730,334.14,43.13375,-1.23893
1,374,3740,334.0,43.13366,-1.23891
1,375,3750,333.94,43.13358,-1.23888
1,376,3760,333.45,43.13349,-1.23883
1,377,3770,332.53,43.13342,-1.23877
1,378,3780,331.06,43.13335,-1.23869
1,379,3790,329.51,43.13328,-1.23861
1,380,3800,327.69,43.13321,-1.23852
1,381,3810,326.03,43.13315,-1.23844
1,382,3820,324.41,43.13308,-1.23836
1,383,3830,323.62,43.133,-1.23831
1,384,3840,323.91,43.13291,-1.2383
1,385,3850,324.9,43.13283,-1.23832
1,386,3860,326.2,43.13274,-1.23835
1,387,3870,327.71,43.13265,-1.23839
1,388,3880,328.9,43.13257,-1.23842
1,389,3890,330.6,43.13248,-1.23847
1,390,3900,332.22,43.1324,-1.23852
1,391,3910,333.96,43.13232,-1.23858
1,392,3920,334.75,43.13225,-1.23865
1,393,3930,335.28,43.13217,-1.23872
1,394,3940,336.16,43.1321,-1.23879
1,395,3950,337.28,43.13203,-1.23887
1,396,3960,338.12,43.13196,-1.23894
1,397,3970,339.19,43.13189,-1.23902
1,398,3980,339.98,43.13182,-1.23909
1,399,3990,339.98,43.13173,-1.23914
1,400,4000,340.1,43.13165,-1.23919
1,401,4010,339.99,43.13157,-1.23924
1,402,4020,339.63,43.13149,-1.23929
1,403,4030,338.83,43.1314,-1.23934
1,404,4040,338.63,43.13133,-1.23941
1,405,4050,338.92,43.13126,-1.23949
1,406,4060,339.31,43.1312,-1.23957
1,407,4070,339.53,43.13113,-1.23966
1,408,4080,339.86,43.13107,-1.23975
1,409,4090,340.05,43.13101,-1.23984
1,410,4100,340.3,43.13095,-1.23994
1,411,4110,341.31,43.1309,-1.24003
1,412,4120,342.05,43.13084,-1.24012
1,413,4130,343.25,43.13079,-1.24023
1,414,4140,344.41,43.13075,-1.24033
1,415,4150,345.93,43.13071,-1.24045
1,416,4160,347.41,43.13068,-1.24056
1,417,4170,349.07,43.13065,-1.24068
1,418,4180,350.22,43.13062,-1.2408
1,419,4190,349.97,43.13059,-1.24091
1,420,4200,349.51,43.13054,-1.24101
1,421,4210,349.15,43.13049,-1.24112
1,422,4220,348.72,43.13043,-1.24121
1,423,4230,348.25,43.13036,-1.24129
1,424,4240,347.79,43.13029,-1.24135
1,425,4250,347.87,43.13021,-1.24141
1,426,4260,348.2,43.13013,-1.24147
1,427,4270,348.37,43.13005,-1.24152
1,428,4280,348.64,43.12997,-1.24158
1,429,4290,349.01,43.12989,-1.24164
1,430,4300,349.48,43.12982,-1.24171
1,431,4310,350.12,43.12976,-1.24181
1,432,4320,350.82,43.12971,-1.24191
1,433,4330,351.53,43.12968,-1.24202
1,434,4340,352.39,43.12964,-1.24213
1,435,4350,354.04,43.1296,-1.24225
1,436,4360,355.65,43.12957,-1.24236
1,437,4370,357.49,43.12954,-1.24248
1,438,4380,359.23,43.12952,-1.2426
1,439,4390,361.06,43.12949,-1.24271
1,440,4400,362.56,43.12949,-1.24283
1,441,4410,364.91,43.12949,-1.24296
1,442,4420,366.69,43.12951,-1.24308
1,443,4430,368.26,43.12953,-1.24319
1,444,4440,369.78,43.12956,-1.24331
1,445,4450,370.9,43.1296,-1.24342
1,446,4460,372.05,43.12964,-1.24353
1,447,4470,373.77,43.12968,-1.24365
1,448,4480,375.45,43.12971,-1.24376
1,449,4490,376.85,43.12975,-1.24387
1,450,4500,377.76,43.1298,-1.24397
1,451,4510,379.05,43.12984,-1.24408
1,452,4520,380.03,43.12989,-1.24419
1,453,4530,381.27,43.12993,-1.24429
1,454,4540,382.49,43.12998,-1.2444
1,455,4550,383.47,43.13003,-1.2445
1,456,4560,384.42,43.13008,-1.2446
1,457,4570,385.57,43.13013,-1.24471
1,458,4580,386.48,43.13018,-1.24481
1,459,4590,387.31,43.13023,-1.24491
1,460,4600,387.3,43.13029,-1.245
1,461,4610,387.65,43.13034,-1.2451
1,462,4620,388.04,43.13039,-1.2452
1,463,4630,391.2,43.13035,-1.2453
1,464,4640,393.05,43.13027,-1.24527
1,465,4650,393.95,43.13019,-1.2452
1,466,4660,394.7,43.13012,-1.24514
1,467,4670,395.69,43.13004,-1.24508
1,468,4680,397.31,43.12995,-1.24504
1,469,4690,398.43,43.12987,-1.24499
1,470,4700,399.99,43.12978,-1.24495
1,471,4710,401.25,43.1297,-1.24491
1,472,4720,402.46,43.12962,-1.24487
1,473,4730,403.95,43.12953,-1.24483
1,474,4740,404.98,43.12945,-1.24478
1,475,4750,406.5,43.12936,-1.24474
1,476,4760,407.73,43.12928,-1.2447
1,477,4770,409.22,43.12919,-1.24466
1,478,4780,410.18,43.12911,-1.24461
1,479,4790,412.13,43.12902,-1.24459
1,480,4800,414.07,43.12893,-1.24457
1,481,4810,415.82,43.12884,-1.24454
1,482,4820,416.84,43.12876,-1.24449
1,483,4830,418.1,43.12868,-1.24445
1,484,4840,419.62,43.12859,-1.24441
1,485,4850,420.85,43.12851,-1.24437
1,486,4860,422.6,43.12842,-1.24434
1,487,4870,424.33,43.12833,-1.24431
1,488,4880,426.32,43.12824,-1.24429
1,489,4890,427.41,43.12815,-1.24426
1,490,4900,428.17,43.12807,-1.24424
1,491,4910,429.35,43.12798,-1.24423
1,492,4920,430.53,43.12789,-1.24422
1,493,4930,431.7,43.1278,-1.24421
1,494,4940,433.15,43.12771,-1.24421
1,495,4950,434.59,43.12762,-1.24421
1,496,4960,436.31,43.12753,-1.24422
1,497,4970,437.47,43.12744,-1.24423
1,498,4980,438.54,43.12735,-1.24424
1,499,4990,439.62,43.12726,-1.24425
1,500,5000,440.7,43.12717,-1.24426
1,501,5010,441.78,43.12708,-1.24427
1,502,5020,442.87,43.12699,-1.24428
1,503,5030,443.96,43.1269,-1.24429
1,504,5040,445.42,43.12681,-1.24431
1,505,5050,446.82,43.12672,-1.24432
1,506,5060,448.77,43.12663,-1.24435
1,507,5070,450.41,43.12654,-1.24437
1,508,5080,452.17,43.12646,-1.2444
1,509,5090,454.29,43.12637,-1.24444
1,510,5100,456.24,43.12629,-1.24448
1,511,5110,460.07,43.12611,-1.24455
1,512,5120,462.09,43.12603,-1.24459
1,513,5130,463.73,43.12594,-1.24461
1,514,5140,465.12,43.12585,-1.24462
1,515,5150,466.74,43.12576,-1.24464
1,516,5160,468.11,43.12567,-1.24465
1,517,5170,469.47,43.12558,-1.24466
1,518,5180,471.05,43.12549,-1.24468
1,519,5190,472.47,43.1254,-1.24469
1,520,5200,473.94,43.12531,-1.2447
1,521,5210,475.61,43.12522,-1.24472
1,522,5220,476.65,43.12513,-1.24471
1,523,5230,477.76,43.12505,-1.24471
1,524,5240,479.4,43.12496,-1.24473
1,525,5250,481.22,43.12487,-1.24476
1,526,5260,483.21,43.12478,-1.2448
1,527,5270,485.33,43.1247,-1.24485
1,528,5280,487.2,43.12461,-1.24488
1,529,5290,488.74,43.12453,-1.2449
1,530,5300,490.45,43.12444,-1.24492
2,531,0,488.65,43.12455,-1.24491
2,532,10,490.16,43.12446,-1.24492
2,533,20,491.85,43.12437,-1.24494
2,534,30,493.54,43.12428,-1.24496
2,535,40,495.65,43.1242,-1.24501
2,536,50,497.7,43.12411,-1.24505
2,537,60,499.18,43.12403,-1.24505
2,538,70,500.49,43.12394,-1.24502
2,539,80,501.12,43.12386,-1.24496
2,540,90,502.01,43.12378,-1.24491
2,541,100,502.92,43.1237,-1.24486
2,542,110,504.16,43.12361,-1.24482
2,543,120,505.73,43.12352,-1.2448
2,544,130,507.46,43.12343,-1.24479
2,545,140,508.86,43.12334,-1.24477
2,546,150,510.4,43.12325,-1.24476
2,547,160,511.28,43.12317,-1.24472
2,548,170,512.6,43.12308,-1.24469
2,549,180,513.51,43.123,-1.24464
2,550,190,514.39,43.12292,-1.24458
2,551,200,515.51,43.12284,-1.24453
2,552,210,516.62,43.12276,-1.24447
2,553,220,517.78,43.12268,-1.24442
2,554,230,518.41,43.12261,-1.24434
2,555,240,519.6,43.12253,-1.24427
2,556,250,520.72,43.12246,-1.24419
2,557,260,521.93,43.12238,-1.24413
2,558,270,523.3,43.1223,-1.24408
2,559,280,524.83,43.12222,-1.24404
2,560,290,526.3,43.12214,-1.24399
2,561,300,528.08,43.12205,-1.24394
2,562,310,529.28,43.12197,-1.24388
2,563,320,530.29,43.1219,-1.24382
2,564,330,531.97,43.12181,-1.24378
2,565,340,533.89,43.12172,-1.24377
2,566,350,534.31,43.12169,-1.24369
2,567,360,536.08,43.12161,-1.24364
2,568,370,537.99,43.12153,-1.24359
2,569,380,540.28,43.12144,-1.24355
2,570,390,542.46,43.12136,-1.2435
2,571,400,544.79,43.12128,-1.24344
2,572,410,547.24,43.1212,-1.24338
2,573,420,549.59,43.12113,-1.24331
2,574,430,551.65,43.12108,-1.24321
2,575,440,554.15,43.12102,-1.24311
2,576,450,556.48,43.12097,-1.24301
2,577,460,558.93,43.12092,-1.24291
2,578,470,561.52,43.12087,-1.24281
2,579,480,563.91,43.12083,-1.2427
2,580,490,566.37,43.12079,-1.24259
2,581,500,568.88,43.12075,-1.24248
2,582,510,571.83,43.1207,-1.24237
2,583,520,574.46,43.12066,-1.24226
2,584,530,577.1,43.12062,-1.24215
2,585,540,580.02,43.12056,-1.24209
2,586,550,582.74,43.12048,-1.24212
2,587,560,583.55,43.12043,-1.24221
2,588,570,584.53,43.12037,-1.24231
2,589,580,586.03,43.1203,-1.24239
2,590,590,586.94,43.12024,-1.24248
2,591,600,588.25,43.12017,-1.24256
2,592,610,590.1,43.12009,-1.24262
2,593,620,592.83,43.12,-1.24264
2,594,630,595.83,43.11995,-1.24254
2,595,640,598.11,43.11992,-1.24243
2,596,650,600.32,43.11991,-1.24231
2,597,660,602.58,43.1199,-1.24219
2,598,670,605.0,43.11989,-1.24206
2,599,680,606.78,43.1199,-1.24194
2,600,690,608.53,43.11991,-1.24182
2,601,700,610.82,43.11986,-1.24176
2,602,710,612.0,43.11978,-1.24181
2,603,720,612.9,43.1197,-1.24187
2,604,730,613.69,43.11962,-1.24193
2,605,740,614.39,43.11954,-1.24199
2,606,750,614.98,43.11946,-1.24205
2,607,760,615.48,43.11938,-1.24211
2,608,770,615.71,43.1193,-1.24217
2,609,780,613.93,43.11922,-1.24223
2,610,790,612.31,43.11914,-1.24226
2,611,800,611.49,43.11905,-1.24226
2,612,810,612.37,43.11896,-1.24221
2,613,820,614.23,43.11889,-1.24214
2,614,830,615.96,43.11882,-1.24207
2,615,840,619.17,43.11882,-1.24197
2,616,850,621.9,43.11889,-1.24189
2,617,860,624.71,43.11894,-1.2418
2,618,870,627.93,43.11898,-1.24169
2,619,880,631.01,43.11901,-1.24158
2,620,890,634.25,43.11904,-1.24146
2,621,900,636.96,43.11907,-1.24134
2,622,910,639.4,43.11904,-1.24125
2,623,920,639.97,43.11895,-1.24126
2,624,930,640.52,43.11886,-1.24127
2,625,940,640.75,43.11877,-1.24129
2,626,950,641.22,43.11868,-1.2413
2,627,960,643.17,43.1186,-1.24126
2,628,970,646.15,43.11854,-1.24116
2,629,980,649.93,43.11858,-1.24105
2,630,990,651.1,43.11865,-1.24099
2,631,1000,652.08,43.11873,-1.24092
2,632,1010,653.76,43.11879,-1.24083
2,633,1020,655.83,43.11883,-1.24072
2,634,1030,657.66,43.11886,-1.2406
2,635,1040,659.38,43.11888,-1.24049
2,636,1050,661.64,43.11889,-1.24036
2,637,1060,663.65,43.1189,-1.24024
2,638,1070,666.26,43.11889,-1.24012
2,639,1080,667.46,43.11888,-1.24
2,640,1090,669.42,43.11883,-1.2399
2,641,1100,672.38,43.11875,-1.23988
2,642,1110,675.52,43.11866,-1.23991
2,643,1120,677.88,43.11858,-1.23996
2,644,1130,678.73,43.1185,-1.24001
2,645,1140,679.66,43.11841,-1.24005
2,646,1150,680.78,43.11832,-1.24006
2,647,1160,682.1,43.11824,-1.24004
2,648,1170,683.99,43.11816,-1.23998
2,649,1180,685.97,43.11812,-1.23988
2,650,1190,687.81,43.11811,-1.23976
2,651,1200,690.11,43.11808,-1.23964
2,652,1210,692.53,43.11805,-1.23952
2,653,1220,693.93,43.11806,-1.23941
2,654,1230,694.34,43.11808,-1.23929
2,655,1240,694.85,43.11809,-1.23917
2,656,1250,695.68,43.11809,-1.23904
2,657,1260,696.75,43.11808,-1.23892
2,658,1270,698.75,43.11804,-1.23881
2,659,1280,700.8,43.118,-1.23871
2,660,1290,702.24,43.11794,-1.23861
2,661,1300,703.61,43.11788,-1.23852
2,662,1310,704.79,43.11782,-1.23843
2,663,1320,706.64,43.11774,-1.23836
2,664,1330,708.6,43.11766,-1.23831
2,665,1340,710.53,43.11758,-1.23826
2,666,1350,712.87,43.11749,-1.23823
2,667,1360,714.98,43.11741,-1.23821
2,668,1370,717.3,43.11732,-1.23818
2,669,1380,719.67,43.11723,-1.23816
2,670,1390,722.78,43.11714,-1.23812
2,671,1400,725.64,43.11706,-1.23808
2,672,1410,728.88,43.11697,-1.23804
2,673,1420,730.86,43.11689,-1.23799
2,674,1430,732.66,43.11681,-1.23795
2,675,1440,735.15,43.11672,-1.23792
2,676,1450,737.25,43.11663,-1.23788
2,677,1460,739.28,43.11655,-1.23785
2,678,1470,741.13,43.11646,-1.23781
2,679,1480,743.26,43.11637,-1.23778
2,680,1490,744.65,43.11629,-1.23774
2,681,1500,746.73,43.1162,-1.23771
2,682,1510,748.07,43.11612,-1.23767
2,683,1520,750.47,43.11603,-1.23765
2,684,1530,752.85,43.11594,-1.23763
2,685,1540,755.6,43.11585,-1.23762
2,686,1550,756.61,43.11576,-1.2376
2,687,1560,758.29,43.11567,-1.2376
2,688,1570,759.62,43.11558,-1.23759
2,689,1580,760.95,43.11549,-1.23758
2,690,1590,762.64,43.1154,-1.23758
2,691,1600,763.99,43.11531,-1.23757
2,692,1610,765.69,43.11522,-1.23757
2,693,1620,767.2,43.11513,-1.23757
2,694,1630,768.62,43.11504,-1.23758
2,695,1640,770.04,43.11495,-1.23759
2,696,1650,771.44,43.11486,-1.2376
2,697,1660,772.84,43.11477,-1.23761
2,698,1670,774.23,43.11468,-1.23762
2,699,1680,775.92,43.11459,-1.23764
2,700,1690,777.6,43.1145,-1.23766
2,701,1700,779.48,43.11441,-1.23768
2,702,1710,780.86,43.11432,-1.23768
2,703,1720,781.95,43.11423,-1.23767
2,704,1730,782.64,43.11415,-1.23765
2,705,1740,783.26,43.11406,-1.23762
2,706,1750,783.93,43.11397,-1.23759
2,707,1760,784.66,43.11388,-1.23756
2,708,1770,785.05,43.1138,-1.23752
2,709,1780,786.03,43.11371,-1.23749
2,710,1790,787.09,43.11362,-1.23746
2,711,1800,788.0,43.11354,-1.23743
2,712,1810,788.95,43.11345,-1.23739
2,713,1820,790.15,43.11336,-1.23736
2,714,1830,791.13,43.11328,-1.23733
2,715,1840,792.04,43.11319,-1.2373
2,716,1850,793.27,43.1131,-1.23728
2,717,1860,793.48,43.11301,-1.23726
2,718,1870,793.68,43.11292,-1.23724
2,719,1880,793.89,43.11283,-1.23722
2,720,1890,794.4,43.11274,-1.23721
2,721,1900,795.5,43.11265,-1.23722
2,722,1910,796.6,43.11256,-1.23723
2,723,1920,797.7,43.11247,-1.23724
2,724,1930,798.15,43.11238,-1.23725
2,725,1940,797.79,43.1123,-1.23727
2,726,1950,797.91,43.11221,-1.23731
2,727,1960,798.45,43.11213,-1.23737
2,728,1970,798.58,43.11205,-1.23742
2,729,1980,798.73,43.11197,-1.23747
2,730,1990,798.9,43.11189,-1.23752
2,731,2000,798.97,43.1118,-1.23757
2,732,2010,798.92,43.11172,-1.23761
2,733,2020,798.72,43.11164,-1.23766
2,734,2030,798.46,43.11155,-1.23771
2,735,2040,798.21,43.11147,-1.23775
2,736,2050,798.31,43.11139,-1.2378
2,737,2060,798.37,43.1113,-1.23785
2,738,2070,798.39,43.11122,-1.23789
2,739,2080,798.66,43.11113,-1.23794
2,740,2090,798.56,43.11105,-1.23797
2,741,2100,798.07,43.11096,-1.238
2,742,2110,797.46,43.11087,-1.23803
2,743,2120,796.8,43.11079,-1.23806
2,744,2130,795.85,43.1107,-1.23808
2,745,2140,794.73,43.11061,-1.23809
2,746,2150,793.64,43.11052,-1.2381
2,747,2160,792.58,43.11043,-1.23811
2,748,2170,791.52,43.11034,-1.23812
2,749,2180,790.26,43.11025,-1.23813
2,750,2190,789.3,43.11016,-1.23815
2,751,2200,788.36,43.11007,-1.23817
2,752,2210,787.72,43.10998,-1.2382
2,753,2220,787.27,43.1099,-1.23823
2,754,2230,786.97,43.10981,-1.23827
2,755,2240,786.87,43.10973,-1.23831
2,756,2250,786.6,43.10964,-1.23835
2,757,2260,786.73,43.10956,-1.2384
2,758,2270,787.17,43.10948,-1.23846
2,759,2280,787.61,43.1094,-1.23852
2,760,2290,788.04,43.10932,-1.23858
2,761,2300,788.96,43.10925,-1.23865
2,762,2310,790.06,43.10918,-1.23873
2,763,2320,791.33,43.10912,-1.23882
2,764,2330,792.35,43.10905,-1.2389
3,765,0,794.09,43.10898,-1.239
3,766,10,796.18,43.10892,-1.23908
3,767,20,797.26,43.10883,-1.23912
3,768,30,798.14,43.10874,-1.23915
3,769,40,798.79,43.10865,-1.23917
3,770,50,799.51,43.10857,-1.23919
3,771,60,800.66,43.10848,-1.23922
3,772,70,801.92,43.10839,-1.23925
3,773,80,804.07,43.10831,-1.2393
3,774,90,806.95,43.10822,-1.23934
3,775,100,809.84,43.10814,-1.23938
3,776,110,812.5,43.10805,-1.23941
3,777,120,814.81,43.10796,-1.23943
3,778,130,816.27,43.10787,-1.23943
3,779,140,817.29,43.10778,-1.23942
3,780,150,818.75,43.10769,-1.23942
3,781,160,819.79,43.1076,-1.23941
3,782,170,821.43,43.10751,-1.2394
3,783,180,823.52,43.10742,-1.2394
3,784,190,825.27,43.10733,-1.23939
3,785,200,827.11,43.10724,-1.23938
3,786,210,828.99,43.10715,-1.23937
3,787,220,831.13,43.10706,-1.23937
3,788,230,833.47,43.10697,-1.23938
3,789,240,835.72,43.10689,-1.23939
3,790,250,839.34,43.1068,-1.23942
3,791,260,842.95,43.10671,-1.23945
3,792,270,845.82,43.10662,-1.23946
3,793,280,845.88,43.10655,-1.2394
3,794,290,844.84,43.10651,-1.23929
3,795,300,843.09,43.10649,-1.23917
3,796,310,841.35,43.10647,-1.23905
3,797,320,839.12,43.10646,-1.23892
3,798,330,837.1,43.10645,-1.2388
3,799,340,835.24,43.10644,-1.23868
3,800,350,833.9,43.10643,-1.23856
3,801,360,832.55,43.10642,-1.23844
3,802,370,831.04,43.10641,-1.23831
3,803,380,830.38,43.10638,-1.2382
3,804,390,830.39,43.10633,-1.2381
3,805,400,831.33,43.10626,-1.23803
3,806,410,831.3,43.10618,-1.23797
3,807,420,831.38,43.10609,-1.23794
3,808,430,831.42,43.106,-1.23791
3,809,440,831.9,43.10591,-1.2379
3,810,450,832.37,43.10582,-1.23789
3,811,460,833.33,43.10573,-1.2379
3,812,470,834.74,43.10565,-1.23793
3,813,480,836.69,43.10557,-1.23798
3,814,490,838.22,43.10549,-1.23805
3,815,500,839.29,43.10542,-1.23812
3,816,510,840.33,43.10534,-1.23819
3,817,520,841.77,43.10528,-1.23827
3,818,530,843.2,43.10521,-1.23835
3,819,540,844.67,43.10514,-1.23843
3,820,550,846.19,43.10507,-1.23851
3,821,560,848.0,43.105,-1.2386
3,822,570,849.66,43.10494,-1.23868
3,823,580,851.1,43.10487,-1.23876
3,824,590,851.81,43.1048,-1.23884
3,825,600,852.38,43.10473,-1.23892
3,826,610,853.08,43.10467,-1.239
3,827,620,853.61,43.1046,-1.23908
3,828,630,854.11,43.10453,-1.23916
3,829,640,854.59,43.10446,-1.23924
3,830,650,855.04,43.10439,-1.23932
3,831,660,855.61,43.10433,-1.2394
3,832,670,855.34,43.10425,-1.23947
3,833,680,854.96,43.10417,-1.23953
3,834,690,855.72,43.10409,-1.23959
3,835,700,856.48,43.10401,-1.23965
3,836,710,857.09,43.10393,-1.2397
3,837,720,857.7,43.10385,-1.23975
3,838,730,858.17,43.10377,-1.23979
3,839,740,858.62,43.10368,-1.23983
3,840,750,858.78,43.10359,-1.23985
3,841,760,858.94,43.1035,-1.23987
3,842,770,859.81,43.10341,-1.23989
3,843,780,860.74,43.10333,-1.23991
3,844,790,861.6,43.10324,-1.23992
3,845,800,862.45,43.10315,-1.23993
3,846,810,863.16,43.10306,-1.23993
3,847,820,863.75,43.10297,-1.23992
3,848,830,864.23,43.10288,-1.2399
3,849,840,864.49,43.10279,-1.23986
3,850,850,865.16,43.1027,-1.23985
3,851,860,865.74,43.10261,-1.23983
3,852,870,866.44,43.10252,-1.23982
3,853,880,867.15,43.10243,-1.23981
3,854,890,867.96,43.10234,-1.23981
3,855,900,868.94,43.10225,-1.23983
3,856,910,869.8,43.10217,-1.23985
3,857,920,870.72,43.10208,-1.23987
3,858,930,871.59,43.10199,-1.23989
3,859,940,872.45,43.1019,-1.23991
3,860,950,873.29,43.10181,-1.23993
3,861,960,874.06,43.10172,-1.23994
3,862,970,874.87,43.10163,-1.23996
3,863,980,875.67,43.10154,-1.23998
3,864,990,876.45,43.10145,-1.24
3,865,1000,877.18,43.10136,-1.24001
3,866,1010,877.86,43.10128,-1.24003
3,867,1020,878.61,43.10119,-1.24005
3,868,1030,879.27,43.1011,-1.24009
3,869,1040,879.39,43.10102,-1.24013
3,870,1050,879.58,43.10093,-1.24017
3,871,1060,879.69,43.10085,-1.24021
3,872,1070,879.88,43.10076,-1.24025
3,873,1080,880.51,43.10068,-1.24029
3,874,1090,881.49,43.10059,-1.24033
3,875,1100,882.3,43.10051,-1.24037
3,876,1110,883.28,43.10042,-1.24041
3,877,1120,884.25,43.10033,-1.24045
3,878,1130,885.19,43.10025,-1.24048
3,879,1140,886.16,43.10016,-1.24052
3,880,1150,886.98,43.10008,-1.24056
3,881,1160,887.91,43.09999,-1.24059
3,882,1170,888.65,43.0999,-1.24063
3,883,1180,889.48,43.09982,-1.24065
3,884,1190,890.31,43.09973,-1.24068
3,885,1200,891.38,43.09964,-1.24069
3,886,1210,892.45,43.09955,-1.2407
3,887,1220,893.38,43.09946,-1.24072
3,888,1230,894.31,43.09937,-1.24074
3,889,1240,895.47,43.09928,-1.24076
3,890,1250,896.63,43.09919,-1.24079
3,891,1260,897.54,43.09911,-1.24083
3,892,1270,898.57,43.09902,-1.24087
3,893,1280,899.5,43.09894,-1.2409
3,894,1290,900.44,43.09885,-1.24094
3,895,1300,901.19,43.09877,-1.24098
3,896,1310,902.28,43.09868,-1.241
3,897,1320,903.61,43.09859,-1.24103
3,898,1330,904.91,43.0985,-1.24106
3,899,1340,906.0,43.09842,-1.24109
3,900,1350,907.09,43.09833,-1.24113
3,901,1360,907.96,43.09825,-1.24117
3,902,1370,908.82,43.09816,-1.24122
3,903,1380,909.45,43.09808,-1.24127
3,904,1390,909.87,43.098,-1.24133
3,905,1400,910.65,43.09792,-1.24137
3,906,1410,911.75,43.09783,-1.2414
3,907,1420,913.0,43.09774,-1.24142
3,908,1430,914.59,43.09765,-1.24142
3,909,1440,916.0,43.09756,-1.24143
3,910,1450,917.58,43.09747,-1.24143
3,911,1460,918.45,43.09739,-1.24146
3,912,1470,919.32,43.0973,-1.24151
3,913,1480,920.38,43.09722,-1.24156
3,914,1490,921.54,43.09714,-1.2416
3,915,1500,922.69,43.09705,-1.24165
3,916,1510,923.55,43.09697,-1.2417
3,917,1520,924.52,43.09689,-1.24174
3,918,1530,925.84,43.0968,-1.24177
3,919,1540,927.11,43.09671,-1.2418
3,920,1550,928.13,43.09663,-1.24183
3,921,1560,929.3,43.09654,-1.24187
3,922,1570,930.7,43.09645,-1.2419
3,923,1580,931.65,43.09637,-1.24194
3,924,1590,933.02,43.09628,-1.24197
3,925,1600,934.17,43.09619,-1.24201
3,926,1610,935.08,43.09611,-1.24205
3,927,1620,936.2,43.09602,-1.24209
3,928,1630,936.86,43.09594,-1.24214
3,929,1640,937.94,43.09586,-1.24218
3,930,1650,939.21,43.09577,-1.24222
3,931,1660,940.22,43.09569,-1.24226
3,932,1670,941.41,43.0956,-1.2423
3,933,1680,942.33,43.09552,-1.24234
3,934,1690,943.87,43.09543,-1.24236
3,935,1700,945.61,43.09534,-1.24237
3,936,1710,947.35,43.09525,-1.24238
3,937,1720,949.26,43.09516,-1.24237
3,938,1730,951.15,43.09507,-1.24236
3,939,1740,953.05,43.09498,-1.24235
3,940,1750,954.72,43.09489,-1.24235
3,941,1760,956.62,43.0948,-1.24234
3,942,1770,958.53,43.09471,-1.24233
3,943,1780,960.45,43.09462,-1.24232
3,944,1790,962.05,43.09453,-1.24232
3,945,1800,963.49,43.09444,-1.24232
3,946,1810,964.68,43.09435,-1.24233
3,947,1820,965.88,43.09426,-1.24234
3,948,1830,966.82,43.09417,-1.24236
3,949,1840,967.77,43.09408,-1.24238
3,950,1850,968.72,43.09399,-1.2424
3,951,1860,969.26,43.09391,-1.24243
3,952,1870,970.18,43.09382,-1.24246
3,953,1880,971.03,43.09373,-1.2425
3,954,1890,971.67,43.09365,-1.24254
3,955,1900,972.51,43.09356,-1.24258
3,956,1910,972.91,43.09348,-1.24263
3,957,1920,973.55,43.0934,-1.24267
3,958,1930,974.39,43.09331,-1.24271
3,959,1940,974.78,43.09323,-1.24276
3,960,1950,975.28,43.09315,-1.24281
3,961,1960,976.51,43.09306,-1.24285
3,962,1970,977.43,43.09298,-1.2429
3,963,1980,978.35,43.0929,-1.24295
3,964,1990,979.5,43.09281,-1.243
3,965,2000,980.42,43.09273,-1.24305
3,966,2010,981.14,43.09265,-1.24311
3,967,2020,981.64,43.09258,-1.24317
3,968,2030,982.18,43.0925,-1.24324
3,969,2040,982.91,43.09242,-1.2433
3,970,2050,983.02,43.09235,-1.24338
3,971,2060,983.33,43.09228,-1.24345
3,972,2070,984.06,43.0922,-1.24351
3,973,2080,984.54,43.09213,-1.24358
3,974,2090,985.17,43.09205,-1.24365
3,975,2100,986.07,43.09197,-1.2437
3,976,2110,987.29,43.09188,-1.24374
3,977,2120,988.01,43.0918,-1.24379
3,978,2130,988.65,43.09172,-1.24383
3,979,2140,989.27,43.09163,-1.24388
3,980,2150,989.91,43.09155,-1.24392
3,981,2160,990.37,43.09147,-1.24397
3,982,2170,991.18,43.09138,-1.24401
3,983,2180,992.19,43.09129,-1.24404
3,984,2190,993.02,43.09121,-1.24407
3,985,2200,993.81,43.09112,-1.24411
3,986,2210,994.59,43.09103,-1.24413
3,987,2220,995.07,43.09095,-1.24416
3,988,2230,995.69,43.09086,-1.24419
3,989,2240,996.62,43.09077,-1.24421
3,990,2250,997.68,43.09068,-1.24423
3,991,2260,998.71,43.09059,-1.24425
3,992,2270,999.73,43.0905,-1.24427
3,993,2280,1000.72,43.09041,-1.24428
3,994,2290,1001.64,43.09032,-1.24428
3,995,2300,1002.49,43.09023,-1.24429
3,996,2310,1003.4,43.09014,-1.24429
3,997,2320,1004.25,43.09005,-1.2443
3,998,2330,1005.17,43.08996,-1.2443
3,999,2340,1005.94,43.08987,-1.24432
3,1000,2350,1006.61,43.08979,-1.24434
3,1001,2360,1007.44,43.0897,-1.24437
3,1002,2370,1008.46,43.08961,-1.24439
3,1003,2380,1009.19,43.08953,-1.24444
3,1004,2390,1010.16,43.08944,-1.24448
3,1005,2400,1011.0,43.08936,-1.24453
3,1006,2410,1011.84,43.08928,-1.24459
3,1007,2420,1012.56,43.08921,-1.24466
3,1008,2430,1013.49,43.08913,-1.24473
3,1009,2440,1014.37,43.08906,-1.2448
3,1010,2450,1015.67,43.08899,-1.24488
3,1011,2460,1017.36,43.08892,-1.24495
3,1012,2470,1019.12,43.08885,-1.24503
3,1013,2480,1021.07,43.08877,-1.2451
3,1014,2490,1022.84,43.0887,-1.24518
3,1015,2500,1024.57,43.08863,-1.24525
3,1016,2510,1026.33,43.08856,-1.24533
3,1017,2520,1027.9,43.0885,-1.24542
3,1018,2530,1028.88,43.08847,-1.24553
3,1019,2540,1028.31,43.08852,-1.24562
3,1020,2550,1026.89,43.0886,-1.24565
3,1021,2560,1025.32,43.08869,-1.24568
3,1022,2570,1023.8,43.08878,-1.24571
3,1023,2580,1022.78,43.08886,-1.24576
3,1024,2590,1022.44,43.08893,-1.24584
3,1025,2600,1022.22,43.089,-1.24592
3,1026,2610,1022.43,43.08906,-1.24601
3,1027,2620,1023.45,43.08911,-1.24611
3,1028,2630,1024.11,43.08918,-1.24619
3,1029,2640,1024.76,43.08925,-1.24627
3,1030,2650,1024.74,43.08933,-1.24632
3,1031,2660,1024.68,43.08941,-1.24637
3,1032,2670,1024.95,43.08948,-1.24645
3,1033,2680,1025.55,43.08953,-1.24655
3,1034,2690,1026.76,43.08953,-1.24667
3,1035,2700,1028.2,43.0895,-1.24678
3,1036,2710,1029.8,43.08944,-1.24687
3,1037,2720,1031.36,43.08937,-1.24694
3,1038,2730,1032.09,43.0893,-1.24702
3,1039,2740,1032.97,43.08922,-1.24709
3,1040,2750,1033.82,43.08915,-1.24717
3,1041,2760,1034.79,43.08908,-1.24724
3,1042,2770,1035.86,43.08901,-1.24731
3,1043,2780,1037.05,43.08894,-1.24739
3,1044,2790,1038.36,43.08887,-1.24747
3,1045,2800,1039.64,43.08881,-1.24756
3,1046,2810,1040.82,43.08875,-1.24765
3,1047,2820,1041.08,43.08869,-1.24775
3,1048,2830,1041.28,43.08864,-1.24785
3,1049,2840,1041.95,43.08858,-1.24794
3,1050,2850,1042.71,43.08852,-1.24804
3,1051,2860,1043.71,43.08846,-1.24813
3,1052,2870,1044.91,43.0884,-1.24821
3,1053,2880,1046.11,43.08834,-1.2483
3,1054,2890,1047.12,43.08827,-1.24839
3,1055,2900,1047.91,43.08821,-1.24847
3,1056,2910,1048.69,43.08815,-1.24856
3,1057,2920,1049.84,43.08808,-1.24865
3,1058,2930,1050.04,43.08804,-1.24876
3,1059,2940,1050.7,43.08799,-1.24886
3,1060,2950,1051.37,43.08794,-1.24897
3,1061,2960,1051.68,43.0879,-1.24907
3,1062,2970,1051.75,43.08786,-1.24918
3,1063,2980,1051.78,43.08782,-1.24929
3,1064,2990,1051.77,43.08778,-1.2494
3,1065,3000,1051.73,43.08774,-1.24951
3,1066,3010,1052.36,43.08768,-1.24961
3,1067,3020,1052.5,43.08763,-1.24971
3,1068,3030,1052.31,43.08757,-1.2498
3,1069,3040,1052.52,43.0875,-1.24988
3,1070,3050,1053.36,43.08742,-1.24994
3,1071,3060,1054.13,43.08734,-1.25
3,1072,3070,1055.53,43.08726,-1.25003
3,1073,3080,1057.4,43.08717,-1.25005
3,1074,3090,1059.24,43.08708,-1.25007
3,1075,3100,1061.29,43.08699,-1.25009
3,1076,3110,1064.52,43.0869,-1.25011
3,1077,3120,1067.75,43.08681,-1.25013
3,1078,3130,1070.32,43.08673,-1.25016
3,1079,3140,1073.06,43.08664,-1.2502
3,1080,3150,1074.64,43.08656,-1.25027
3,1081,3160,1075.82,43.08649,-1.25034
3,1082,3170,1076.66,43.08642,-1.25042
3,1083,3180,1076.0,43.08637,-1.25052
3,1084,3190,1075.36,43.08632,-1.25062
3,1085,3200,1075.09,43.08627,-1.25072
3,1086,3210,1075.36,43.08621,-1.25082
3,1087,3220,1075.15,43.08616,-1.25092
3,1088,3230,1074.96,43.08611,-1.25102
3,1089,3240,1074.65,43.08606,-1.25112
3,1090,3250,1073.85,43.08601,-1.25123
3,1091,3260,1072.77,43.08597,-1.25133
3,1092,3270,1072.1,43.08592,-1.25143
3,1093,3280,1071.03,43.08587,-1.25154
3,1094,3290,1071.29,43.08581,-1.25162
3,1095,3300,1072.38,43.08573,-1.2517
3,1096,3310,1074.36,43.08565,-1.25175
3,1097,3320,1075.77,43.08557,-1.2518
3,1098,3330,1076.65,43.08549,-1.25186
3,1099,3340,1077.74,43.08541,-1.25191
3,1100,3350,1079.33,43.08532,-1.25195
3,1101,3360,1080.59,43.08524,-1.25199
3,1102,3370,1082.09,43.08515,-1.25203
3,1103,3380,1082.98,43.08507,-1.25208
3,1104,3390,1084.68,43.08498,-1.25211
3,1105,3400,1085.19,43.08489,-1.25213
3,1106,3410,1084.79,43.0848,-1.25215
3,1107,3420,1084.66,43.08472,-1.25216
3,1108,3430,1084.84,43.08463,-1.25216
3,1109,3440,1084.73,43.08454,-1.25217
3,1110,3450,1085.21,43.08445,-1.25216
3,1111,3460,1085.7,43.08436,-1.25215
3,1112,3470,1086.2,43.08427,-1.25214
3,1113,3480,1086.7,43.08418,-1.25213
3,1114,3490,1087.21,43.08409,-1.25212
3,1115,3500,1088.31,43.084,-1.25209
3,1116,3510,1089.4,43.08391,-1.25206
3,1117,3520,1090.18,43.08382,-1.25204
3,1118,3530,1091.23,43.08374,-1.25201
3,1119,3540,1092.0,43.08365,-1.25199
3,1120,3550,1093.05,43.08356,-1.25196
3,1121,3560,1094.12,43.08347,-1.25193
3,1122,3570,1094.59,43.08338,-1.25192
3,1123,3580,1094.78,43.08329,-1.25192
3,1124,3590,1094.97,43.0832,-1.25192
3,1125,3600,1094.93,43.08311,-1.25193
3,1126,3610,1095.13,43.08302,-1.25193
3,1127,3620,1095.12,43.08293,-1.25194
3,1128,3630,1095.32,43.08284,-1.25194
3,1129,3640,1095.33,43.08275,-1.25195
3,1130,3650,1095.37,43.08266,-1.25196
3,1131,3660,1095.45,43.08257,-1.25197
3,1132,3670,1095.69,43.08248,-1.25197
3,1133,3680,1096.04,43.08239,-1.25196
3,1134,3690,1096.26,43.0823,-1.25196
3,1135,3700,1096.48,43.08221,-1.25196
3,1136,3710,1096.61,43.08212,-1.25195
3,1137,3720,1096.65,43.08203,-1.25195
3,1138,3730,1096.71,43.08194,-1.25194
3,1139,3740,1096.73,43.08185,-1.25194
3,1140,3750,1096.75,43.08176,-1.25195
3,1141,3760,1096.82,43.08167,-1.25197
3,1142,3770,1096.92,43.08158,-1.25198
4,1143,0,1096.88,43.08159,-1.25197
4,1144,10,1096.96,43.0815,-1.25199
4,1145,20,1096.57,43.08141,-1.25201
4,1146,30,1096.66,43.08134,-1.25207
4,1147,40,1097.2,43.08128,-1.25216
4,1148,50,1098.25,43.08125,-1.25228
4,1149,60,1099.42,43.08123,-1.2524
4,1150,70,1100.08,43.08121,-1.25252
4,1151,80,1100.44,43.0812,-1.25264
4,1152,90,1100.87,43.08118,-1.25276
4,1153,100,1101.34,43.08116,-1.25288
4,1154,110,1101.93,43.08113,-1.253
4,1155,120,1102.54,43.0811,-1.25311
4,1156,130,1103.27,43.08107,-1.25322
4,1157,140,1104.14,43.08103,-1.25334
4,1158,150,1104.97,43.08099,-1.25345
4,1159,160,1105.8,43.08095,-1.25356
4,1160,170,1106.54,43.08092,-1.25367
4,1161,180,1107.37,43.08088,-1.25378
4,1162,190,1108.42,43.08084,-1.25389
4,1163,200,1109.15,43.0808,-1.254
4,1164,210,1109.7,43.08076,-1.25411
4,1165,220,1110.38,43.08072,-1.25423
4,1166,230,1111.09,43.08069,-1.25434
4,1167,240,1111.8,43.08065,-1.25445
4,1168,250,1112.76,43.08062,-1.25456
4,1169,260,1113.8,43.08058,-1.25467
4,1170,270,1114.94,43.08054,-1.25479
4,1171,280,1116.0,43.08051,-1.2549
4,1172,290,1116.99,43.08047,-1.25501
4,1173,300,1117.9,43.08042,-1.25512
4,1174,310,1118.64,43.08037,-1.25521
4,1175,320,1119.5,43.08031,-1.2553
4,1176,330,1120.47,43.08025,-1.2554
4,1177,340,1121.29,43.08019,-1.25549
4,1178,350,1122.19,43.08013,-1.25559
4,1179,360,1122.97,43.08008,-1.25568
4,1180,370,1123.84,43.08002,-1.25578
4,1181,380,1124.63,43.07996,-1.25587
4,1182,390,1125.49,43.07991,-1.25597
4,1183,400,1126.17,43.07985,-1.25606
4,1184,410,1126.99,43.07979,-1.25616
4,1185,420,1127.78,43.07974,-1.25625
4,1186,430,1128.66,43.07968,-1.25635
4,1187,440,1129.74,43.07963,-1.25646
4,1188,450,1131.0,43.07961,-1.25657
4,1189,460,1132.1,43.07961,-1.25669
4,1190,470,1133.28,43.07965,-1.2568
4,1191,480,1134.18,43.07972,-1.25687
4,1192,490,1134.92,43.07981,-1.25692
4,1193,500,1135.62,43.07988,-1.25698
4,1194,510,1136.4,43.07995,-1.25706
4,1195,520,1137.23,43.08001,-1.25716
4,1196,530,1137.89,43.08006,-1.25725
4,1197,540,1138.13,43.08012,-1.25735
4,1198,550,1138.35,43.08015,-1.25747
4,1199,560,1138.53,43.08016,-1.25759
4,1200,570,1138.69,43.08017,-1.25771
4,1201,580,1138.82,43.08018,-1.25783
4,1202,590,1138.85,43.08018,-1.25795
4,1203,600,1138.05,43.08019,-1.25808
4,1204,610,1137.32,43.08019,-1.2582
4,1205,620,1136.63,43.08018,-1.25832
4,1206,630,1135.98,43.08016,-1.25844
4,1207,640,1135.49,43.08012,-1.25855
4,1208,650,1134.76,43.08008,-1.25866
4,1209,660,1133.58,43.08004,-1.25877
4,1210,670,1132.45,43.08,-1.25888
4,1211,680,1131.44,43.07995,-1.25899
4,1212,690,1130.54,43.07991,-1.25909
4,1213,700,1129.58,43.07987,-1.2592
4,1214,710,1128.88,43.07982,-1.2593
4,1215,720,1127.91,43.07976,-1.2594
4,1216,730,1127.09,43.0797,-1.25949
4,1217,740,1126.29,43.07964,-1.25958
4,1218,750,1125.61,43.07957,-1.25967
4,1219,760,1125.0,43.07951,-1.25975
4,1220,770,1124.56,43.07944,-1.25983
4,1221,780,1124.39,43.07937,-1.25991
4,1222,790,1124.14,43.07931,-1.25999
4,1223,800,1123.97,43.07924,-1.26008
4,1224,810,1123.67,43.07918,-1.26017
4,1225,820,1123.36,43.07912,-1.26026
4,1226,830,1122.78,43.07907,-1.26036
4,1227,840,1122.47,43.07901,-1.26045
4,1228,850,1122.04,43.07895,-1.26055
4,1229,860,1121.73,43.07889,-1.26064
4,1230,870,1121.28,43.07883,-1.26073
4,1231,880,1120.41,43.07878,-1.26083
4,1232,890,1119.95,43.07872,-1.26092
4,1233,900,1119.51,43.07866,-1.26101
4,1234,910,1119.04,43.0786,-1.2611
4,1235,920,1118.88,43.07853,-1.26118
4,1236,930,1118.53,43.07846,-1.26127
4,1237,940,1118.16,43.0784,-1.26135
4,1238,950,1117.62,43.07833,-1.26144
4,1239,960,1116.71,43.07828,-1.26153
4,1240,970,1115.78,43.07822,-1.26163
4,1241,980,1114.69,43.07817,-1.26173
4,1242,990,1113.95,43.07811,-1.26182
4,1243,1000,1113.0,43.07805,-1.26192
4,1244,1010,1111.91,43.078,-1.26202
4,1245,1020,1111.11,43.07794,-1.26211
4,1246,1030,1110.29,43.07788,-1.2622
4,1247,1040,1109.48,43.07782,-1.26229
4,1248,1050,1108.7,43.07776,-1.26238
4,1249,1060,1108.3,43.07769,-1.26246
4,1250,1070,1107.93,43.07762,-1.26254
4,1251,1080,1108.14,43.07754,-1.2626
4,1252,1090,1108.0,43.07747,-1.26267
4,1253,1100,1108.24,43.07739,-1.26273
4,1254,1110,1108.07,43.07731,-1.26279
4,1255,1120,1108.16,43.07723,-1.26284
4,1256,1130,1108.61,43.07714,-1.26288
4,1257,1140,1108.99,43.07706,-1.26292
4,1258,1150,1109.56,43.07697,-1.26296
4,1259,1160,1110.06,43.07689,-1.263
4,1260,1170,1110.75,43.0768,-1.26304
4,1261,1180,1111.49,43.07672,-1.26307
4,1262,1190,1111.25,43.07663,-1.2631
4,1263,1200,1110.98,43.07654,-1.26312
4,1264,1210,1110.21,43.07646,-1.26319
4,1265,1220,1109.56,43.07639,-1.26326
4,1266,1230,1109.01,43.07632,-1.26333
4,1267,1240,1108.47,43.07625,-1.26341
4,1268,1250,1107.99,43.07618,-1.26348
4,1269,1260,1107.59,43.0761,-1.26355
4,1270,1270,1107.18,43.07603,-1.26363
4,1271,1280,1107.14,43.07596,-1.2637
4,1272,1290,1107.16,43.07589,-1.26378
4,1273,1300,1107.3,43.07582,-1.26386
4,1274,1310,1107.44,43.07576,-1.26394
4,1275,1320,1107.76,43.07569,-1.26403
4,1276,1330,1108.12,43.07563,-1.26411
4,1277,1340,1108.48,43.07556,-1.2642
4,1278,1350,1108.79,43.0755,-1.26429
4,1279,1360,1109.19,43.07544,-1.26438
4,1280,1370,1109.63,43.07538,-1.26448
4,1281,1380,1110.06,43.07533,-1.26457
4,1282,1390,1110.93,43.07527,-1.26466
4,1283,1400,1111.83,43.07521,-1.26476
4,1284,1410,1112.65,43.07515,-1.26485
4,1285,1420,1113.36,43.07509,-1.26494
4,1286,1430,1114.09,43.07503,-1.26503
4,1287,1440,1115.13,43.07496,-1.26511
4,1288,1450,1115.91,43.0749,-1.2652
4,1289,1460,1116.71,43.07484,-1.26529
4,1290,1470,1117.77,43.07477,-1.26538
4,1291,1480,1118.67,43.07471,-1.26546
4,1292,1490,1119.52,43.07464,-1.26555
4,1293,1500,1120.26,43.07458,-1.26563
4,1294,1510,1121.23,43.07451,-1.26571
4,1295,1520,1122.29,43.07444,-1.26578
4,1296,1530,1123.69,43.07436,-1.26584
4,1297,1540,1124.96,43.07428,-1.26591
4,1298,1550,1126.07,43.07421,-1.26597
4,1299,1560,1126.2,43.07416,-1.26607
4,1300,1570,1126.19,43.07411,-1.26618
4,1301,1580,1126.11,43.07406,-1.26627
4,1302,1590,1126.54,43.07399,-1.26636
4,1303,1600,1127.52,43.07391,-1.26642
4,1304,1610,1128.55,43.07383,-1.26647
4,1305,1620,1129.69,43.07375,-1.26651
4,1306,1630,1131.03,43.07366,-1.26655
4,1307,1640,1132.28,43.07358,-1.26658
4,1308,1650,1133.56,43.07349,-1.26662
4,1309,1660,1134.98,43.0734,-1.26665
4,1310,1670,1136.55,43.07331,-1.26667
4,1311,1680,1137.31,43.07323,-1.2667
4,1312,1690,1137.83,43.07314,-1.26673
4,1313,1700,1138.53,43.07305,-1.26675
4,1314,1710,1139.23,43.07296,-1.26677
4,1315,1720,1139.93,43.07287,-1.26679
4,1316,1730,1141.16,43.07278,-1.26678
4,1317,1740,1142.38,43.07269,-1.26677
4,1318,1750,1143.6,43.0726,-1.26676
4,1319,1760,1144.59,43.07251,-1.26675
4,1320,1770,1145.58,43.07243,-1.26673
4,1321,1780,1146.73,43.07234,-1.2667
4,1322,1790,1147.69,43.07225,-1.26668
4,1323,1800,1148.7,43.07216,-1.26665
4,1324,1810,1149.53,43.07207,-1.26663
4,1325,1820,1150.31,43.07198,-1.26661
4,1326,1830,1150.97,43.07189,-1.2666
4,1327,1840,1151.66,43.07181,-1.26659
4,1328,1850,1152.39,43.07172,-1.26658
4,1329,1860,1153.03,43.07163,-1.26659
4,1330,1870,1153.68,43.07154,-1.26661
4,1331,1880,1154.37,43.07145,-1.26664
4,1332,1890,1155.15,43.07136,-1.26667
4,1333,1900,1155.95,43.07128,-1.26672
4,1334,1910,1156.92,43.0712,-1.26678
4,1335,1920,1158.08,43.07113,-1.26686
4,1336,1930,1159.17,43.07109,-1.26696
4,1337,1940,1159.85,43.07109,-1.26708
4,1338,1950,1160.42,43.0711,-1.26721
4,1339,1960,1160.91,43.07111,-1.26733
4,1340,1970,1161.37,43.07112,-1.26745
4,1341,1980,1161.58,43.07114,-1.26757
4,1342,1990,1161.9,43.07115,-1.26769
4,1343,2000,1162.22,43.07116,-1.26781
4,1344,2010,1162.59,43.07117,-1.26794
4,1345,2020,1162.91,43.07118,-1.26806
4,1346,2030,1163.64,43.07117,-1.26818
4,1347,2040,1163.98,43.07116,-1.2683
4,1348,2050,1164.01,43.07115,-1.26842
4,1349,2060,1164.45,43.07112,-1.26854
4,1350,2070,1164.88,43.07109,-1.26866
4,1351,2080,1165.33,43.07106,-1.26877
4,1352,2090,1165.99,43.07102,-1.26888
4,1353,2100,1166.94,43.07096,-1.26897
4,1354,2110,1167.97,43.07089,-1.26906
4,1355,2120,1169.14,43.07082,-1.26912
4,1356,2130,1170.55,43.07074,-1.26917
4,1357,2140,1172.21,43.07065,-1.26921
4,1358,2150,1173.67,43.07057,-1.26925
4,1359,2160,1175.06,43.07048,-1.26929
4,1360,2170,1176.24,43.07039,-1.26932
4,1361,2180,1177.32,43.07031,-1.26934
4,1362,2190,1178.58,43.07022,-1.26935
4,1363,2200,1179.85,43.07013,-1.26936
4,1364,2210,1181.12,43.07004,-1.26937
4,1365,2220,1182.43,43.06995,-1.26937
4,1366,2230,1183.7,43.06986,-1.26938
4,1367,2240,1184.33,43.06977,-1.26938
4,1368,2250,1184.77,43.06968,-1.26938
4,1369,2260,1185.3,43.06959,-1.26936
4,1370,2270,1185.84,43.0695,-1.26934
4,1371,2280,1186.39,43.06941,-1.26932
4,1372,2290,1187.01,43.06932,-1.26929
4,1373,2300,1187.57,43.06923,-1.26927
4,1374,2310,1188.1,43.06915,-1.26925
4,1375,2320,1188.68,43.06906,-1.26922
4,1376,2330,1189.22,43.06897,-1.2692
4,1377,2340,1189.78,43.06888,-1.26918
4,1378,2350,1190.35,43.06879,-1.26916
4,1379,2360,1190.94,43.0687,-1.26914
4,1380,2370,1191.46,43.06861,-1.26913
4,1381,2380,1192.08,43.06852,-1.26911
4,1382,2390,1192.09,43.06843,-1.26909
4,1383,2400,1191.31,43.06835,-1.26907
4,1384,2410,1190.5,43.06826,-1.26904
4,1385,2420,1189.81,43.06817,-1.269
4,1386,2430,1189.43,43.06809,-1.26894
4,1387,2440,1189.06,43.06802,-1.26888
4,1388,2450,1188.78,43.06795,-1.2688
4,1389,2460,1188.72,43.06789,-1.26871
4,1390,2470,1188.96,43.06784,-1.2686
4,1391,2480,1189.27,43.0678,-1.2685
4,1392,2490,1189.52,43.06776,-1.26839
4,1393,2500,1189.76,43.06772,-1.26827
4,1394,2510,1189.74,43.06767,-1.26817
4,1395,2520,1189.85,43.06762,-1.26807
4,1396,2530,1189.6,43.06755,-1.268
4,1397,2540,1189.63,43.06748,-1.26792
4,1398,2550,1189.63,43.0674,-1.26785
4,1399,2560,1189.55,43.06732,-1.2678
4,1400,2570,1189.76,43.06724,-1.26774
4,1401,2580,1189.97,43.06716,-1.26769
4,1402,2590,1190.12,43.06708,-1.26765
4,1403,2600,1190.07,43.06699,-1.26762
4,1404,2610,1190.07,43.0669,-1.26759
4,1405,2620,1190.11,43.06681,-1.26756
4,1406,2630,1190.03,43.06673,-1.26754
4,1407,2640,1190.07,43.06664,-1.26751
4,1408,2650,1190.15,43.06655,-1.26748
4,1409,2660,1190.27,43.06646,-1.26745
4,1410,2670,1190.28,43.06637,-1.26743
4,1411,2680,1190.4,43.06629,-1.26741
4,1412,2690,1190.6,43.0662,-1.26738
4,1413,2700,1190.57,43.06611,-1.26736
4,1414,2710,1190.48,43.06602,-1.26734
4,1415,2720,1190.47,43.06593,-1.26731
4,1416,2730,1190.26,43.06584,-1.26729
4,1417,2740,1190.06,43.06576,-1.26727
4,1418,2750,1190.15,43.06567,-1.26724
4,1419,2760,1190.45,43.06558,-1.26721
4,1420,2770,1190.62,43.06549,-1.26719
4,1421,2780,1190.83,43.0654,-1.26716
4,1422,2790,1191.01,43.06532,-1.26713
4,1423,2800,1191.13,43.06523,-1.2671
4,1424,2810,1191.16,43.06514,-1.26708
4,1425,2820,1191.26,43.06506,-1.26704
4,1426,2830,1191.63,43.06497,-1.267
4,1427,2840,1192.08,43.06488,-1.26697
4,1428,2850,1192.48,43.0648,-1.26693
4,1429,2860,1192.87,43.06471,-1.26689
4,1430,2870,1193.16,43.06463,-1.26686
4,1431,2880,1192.99,43.06454,-1.26682
4,1432,2890,1192.79,43.06445,-1.26678
4,1433,2900,1192.65,43.06437,-1.26675
4,1434,2910,1192.21,43.06428,-1.26671
4,1435,2920,1191.85,43.0642,-1.26668
4,1436,2930,1191.41,43.06411,-1.26664
4,1437,2940,1191.03,43.06402,-1.2666
4,1438,2950,1190.77,43.06394,-1.26657
4,1439,2960,1190.55,43.06385,-1.26654
4,1440,2970,1190.45,43.06376,-1.26652
4,1441,2980,1190.36,43.06367,-1.2665
4,1442,2990,1190.32,43.06358,-1.26649
4,1443,3000,1190.28,43.06349,-1.26648
4,1444,3010,1190.26,43.0634,-1.26647
4,1445,3020,1190.34,43.06331,-1.26648
4,1446,3030,1190.44,43.06322,-1.2665
4,1447,3040,1190.51,43.06314,-1.26652
4,1448,3050,1190.57,43.06305,-1.26655
4,1449,3060,1190.65,43.06296,-1.26659
4,1450,3070,1190.97,43.06288,-1.26662
4,1451,3080,1191.32,43.06279,-1.26666
4,1452,3090,1191.65,43.0627,-1.26669
4,1453,3100,1191.95,43.06261,-1.26671
4,1454,3110,1192.23,43.06253,-1.26674
4,1455,3120,1192.52,43.06244,-1.26677
4,1456,3130,1192.81,43.06235,-1.26679
4,1457,3140,1193.27,43.06226,-1.26682
4,1458,3150,1194.18,43.06217,-1.26684
4,1459,3160,1195.1,43.06208,-1.26686
4,1460,3170,1195.91,43.062,-1.26688
4,1461,3180,1196.84,43.06191,-1.26691
4,1462,3190,1197.8,43.06182,-1.26695
4,1463,3200,1198.59,43.06175,-1.26701
4,1464,3210,1199.35,43.06169,-1.26711
4,1465,3220,1199.93,43.06165,-1.26722
4,1466,3230,1200.56,43.06161,-1.26733
4,1467,3240,1201.19,43.06158,-1.26744
4,1468,3250,1201.74,43.06155,-1.26756
4,1469,3260,1201.07,43.06152,-1.26768
4,1470,3270,1200.32,43.0615,-1.26779
4,1471,3280,1199.67,43.06147,-1.26791
4,1472,3290,1199.04,43.06144,-1.26803
4,1473,3300,1198.7,43.0614,-1.26814
4,1474,3310,1199.15,43.06134,-1.26821
5,1475,0,1199.11,43.06132,-1.26825
5,1476,10,1199.86,43.06124,-1.26831
5,1477,20,1201.09,43.06115,-1.26834
5,1478,30,1202.54,43.06106,-1.26835
5,1479,40,1204.29,43.06097,-1.26834
5,1480,50,1205.83,43.06089,-1.26832
5,1481,60,1206.79,43.0608,-1.26831
5,1482,70,1207.99,43.06071,-1.26829
5,1483,80,1209.03,43.06062,-1.26828
5,1484,90,1210.33,43.06053,-1.26826
5,1485,100,1211.44,43.06044,-1.26825
5,1486,110,1212.59,43.06035,-1.26824
5,1487,120,1213.86,43.06026,-1.26822
5,1488,130,1214.28,43.06017,-1.26821
5,1489,140,1214.49,43.06008,-1.26819
5,1490,150,1214.55,43.05999,-1.26818
5,1491,160,1214.81,43.0599,-1.26816
5,1492,170,1215.47,43.05982,-1.26812
5,1493,180,1216.36,43.05974,-1.26807
5,1494,190,1217.52,43.05966,-1.26801
5,1495,200,1218.96,43.05958,-1.26794
5,1496,210,1220.05,43.0595,-1.26788
5,1497,220,1221.03,43.05943,-1.26782
5,1498,230,1222.05,43.05935,-1.26776
5,1499,240,1223.15,43.05927,-1.2677
5,1500,250,1224.33,43.05919,-1.26764
5,1501,260,1225.6,43.05911,-1.26758
5,1502,270,1226.2,43.05903,-1.26755
5,1503,280,1226.25,43.05894,-1.26752
5,1504,290,1226.3,43.05885,-1.26748
5,1505,300,1226.44,43.05877,-1.26745
5,1506,310,1226.65,43.05868,-1.26741
5,1507,320,1226.87,43.0586,-1.26737
5,1508,330,1227.06,43.05851,-1.26734
5,1509,340,1227.31,43.05842,-1.2673
5,1510,350,1227.57,43.05834,-1.26726
5,1511,360,1227.85,43.05825,-1.26722
5,1512,370,1228.2,43.05817,-1.26717
5,1513,380,1229.26,43.05809,-1.26713
5,1514,390,1230.5,43.058,-1.26708
5,1515,400,1231.56,43.05792,-1.26704
5,1516,410,1232.77,43.05783,-1.26699
5,1517,420,1233.81,43.05775,-1.26695
5,1518,430,1234.88,43.05767,-1.2669
5,1519,440,1235.97,43.05758,-1.26686
5,1520,450,1236.49,43.0575,-1.26681
5,1521,460,1237.34,43.05742,-1.26677
5,1522,470,1238.36,43.05733,-1.26672
5,1523,480,1239.29,43.05725,-1.26668
5,1524,490,1240.31,43.05716,-1.26663
5,1525,500,1241.24,43.05708,-1.26659
5,1526,510,1242.32,43.05699,-1.26655
5,1527,520,1243.25,43.05691,-1.26651
5,1528,530,1244.33,43.05682,-1.26647
5,1529,540,1245.68,43.05674,-1.26643
5,1530,550,1247.45,43.05665,-1.26639
5,1531,560,1248.98,43.05657,-1.26635
5,1532,570,1250.72,43.05648,-1.26631
5,1533,580,1252.29,43.0564,-1.26628
5,1534,590,1254.07,43.05631,-1.26625
5,1535,600,1255.91,43.05622,-1.26623
5,1536,610,1257.67,43.05613,-1.2662
5,1537,620,1259.43,43.05605,-1.26617
5,1538,630,1261.45,43.05596,-1.26614
5,1539,640,1263.48,43.05587,-1.26611
5,1540,650,1265.75,43.05578,-1.2661
5,1541,660,1268.12,43.05569,-1.2661
5,1542,670,1270.6,43.0556,-1.26611
5,1543,680,1273.07,43.05553,-1.26617
5,1544,690,1275.53,43.05544,-1.26621
5,1545,700,1277.62,43.05536,-1.26626
5,1546,710,1279.86,43.05527,-1.26627
5,1547,720,1282.11,43.05518,-1.26626
5,1548,730,1283.6,43.05511,-1.26634
5,1549,740,1284.67,43.05505,-1.26643
5,1550,750,1285.57,43.05499,-1.26652
5,1551,760,1286.05,43.05494,-1.26662
5,1552,770,1286.64,43.05488,-1.26671
5,1553,780,1287.06,43.05482,-1.2668
5,1554,790,1288.16,43.05474,-1.26683
5,1555,800,1289.08,43.05465,-1.26685
5,1556,810,1289.78,43.05456,-1.26687
5,1557,820,1290.27,43.05447,-1.26689
5,1558,830,1290.04,43.05439,-1.26693
5,1559,840,1289.55,43.0543,-1.26698
5,1560,850,1289.18,43.05422,-1.26702
5,1561,860,1288.42,43.05414,-1.26707
5,1562,870,1287.99,43.05405,-1.26711
5,1563,880,1287.84,43.05397,-1.26715
5,1564,890,1287.79,43.05388,-1.26719
5,1565,900,1287.52,43.0538,-1.26723
5,1566,910,1287.32,43.05371,-1.26727
5,1567,920,1287.04,43.05362,-1.26731
5,1568,930,1286.93,43.05354,-1.26734
5,1569,940,1287.28,43.05345,-1.26736
5,1570,950,1287.59,43.05336,-1.26738
5,1571,960,1287.63,43.05327,-1.2674
5,1572,970,1287.62,43.05318,-1.26742
5,1573,980,1287.57,43.05309,-1.26744
5,1574,990,1288.35,43.053,-1.26744
5,1575,1000,1288.67,43.05291,-1.26745
5,1576,1010,1288.43,43.05283,-1.26747
5,1577,1020,1287.29,43.05274,-1.26751
5,1578,1030,1285.98,43.05266,-1.26755
5,1579,1040,1285.24,43.05257,-1.26758
5,1580,1050,1284.52,43.05248,-1.26761
5,1581,1060,1283.74,43.0524,-1.26764
5,1582,1070,1283.46,43.05231,-1.26766
5,1583,1080,1284.41,43.05222,-1.26765
5,1584,1090,1284.55,43.05213,-1.26766
5,1585,1100,1284.68,43.05204,-1.26767
5,1586,1110,1284.57,43.05195,-1.26769
5,1587,1120,1284.7,43.05186,-1.26771
5,1588,1130,1284.88,43.05177,-1.26773
5,1589,1140,1285.09,43.05168,-1.26775
5,1590,1150,1284.86,43.0516,-1.26778
5,1591,1160,1284.79,43.05151,-1.26781
5,1592,1170,1284.79,43.05142,-1.26784
5,1593,1180,1284.38,43.05134,-1.26788
5,1594,1190,1283.95,43.05125,-1.26793
5,1595,1200,1284.23,43.05117,-1.26796
5,1596,1210,1284.76,43.05108,-1.26799
5,1597,1220,1285.37,43.05099,-1.26802
5,1598,1230,1286.08,43.0509,-1.26805
5,1599,1240,1285.75,43.05083,-1.26811
5,1600,1250,1284.2,43.05078,-1.26821
5,1601,1260,1284.52,43.05072,-1.2683
5,1602,1270,1286.36,43.05063,-1.26833
5,1603,1280,1287.25,43.05054,-1.26836
5,1604,1290,1287.83,43.05046,-1.26841
5,1605,1300,1288.55,43.05038,-1.26839
5,1606,1310,1289.26,43.0503,-1.26833
5,1607,1320,1289.88,43.05022,-1.26827
5,1608,1330,1290.78,43.05014,-1.26821
5,1609,1340,1291.95,43.05006,-1.26816
5,1610,1350,1293.1,43.04998,-1.2681
5,1611,1360,1293.75,43.04991,-1.26803
5,1612,1370,1293.48,43.04985,-1.26794
5,1613,1380,1293.54,43.0498,-1.26784
5,1614,1390,1293.92,43.04976,-1.26773
5,1615,1400,1294.12,43.04971,-1.26762
5,1616,1410,1294.72,43.04966,-1.26752
5,1617,1420,1296.49,43.04961,-1.26742
5,1618,1430,1298.11,43.04956,-1.26732
5,1619,1440,1299.58,43.04951,-1.26722
5,1620,1450,1300.65,43.04945,-1.26712
5,1621,1460,1301.56,43.0494,-1.26703
5,1622,1470,1302.3,43.04934,-1.26693
5,1623,1480,1301.9,43.04927,-1.26686
5,1624,1490,1301.8,43.0492,-1.26679
5,1625,1500,1301.77,43.04912,-1.26671
5,1626,1510,1301.72,43.04905,-1.26664
5,1627,1520,1301.9,43.04898,-1.26656
5,1628,1530,1302.07,43.04891,-1.26648
5,1629,1540,1302.73,43.04885,-1.26639
5,1630,1550,1303.37,43.04879,-1.2663
5,1631,1560,1303.99,43.04873,-1.26621
5,1632,1570,1304.6,43.04867,-1.26612
5,1633,1580,1305.17,43.04861,-1.26603
5,1634,1590,1305.73,43.04855,-1.26594
5,1635,1600,1306.38,43.04848,-1.26586
5,1636,1610,1306.64,43.0484,-1.26579
5,1637,1620,1307.56,43.04834,-1.26571
5,1638,1630,1308.35,43.04827,-1.26563
5,1639,1640,1308.48,43.04819,-1.26557
5,1640,1650,1308.66,43.04811,-1.26551
5,1641,1660,1308.81,43.04803,-1.26545
5,1642,1670,1308.72,43.04795,-1.2654
5,1643,1680,1308.66,43.04787,-1.26535
5,1644,1690,1309.51,43.04779,-1.26529
5,1645,1700,1310.12,43.04771,-1.26524
5,1646,1710,1310.73,43.04763,-1.26519
5,1647,1720,1311.52,43.04754,-1.26513
5,1648,1730,1312.13,43.04746,-1.26508
5,1649,1740,1312.48,43.04738,-1.26504
5,1650,1750,1313.09,43.0473,-1.26499
5,1651,1760,1313.36,43.04721,-1.26495
5,1652,1770,1314.16,43.04713,-1.2649
5,1653,1780,1314.71,43.04704,-1.26486
5,1654,1790,1315.5,43.04696,-1.26481
6,1655,0,1315.92,43.04695,-1.26479
6,1656,10,1316.09,43.04686,-1.26476
6,1657,20,1315.8,43.04677,-1.26475
6,1658,30,1315.28,43.04668,-1.26475
6,1659,40,1314.75,43.04659,-1.26475
6,1660,50,1314.23,43.0465,-1.26475
6,1661,60,1314.19,43.04641,-1.26476
6,1662,70,1314.45,43.04632,-1.26476
6,1663,80,1314.7,43.04623,-1.26476
6,1664,90,1314.95,43.04614,-1.26476
6,1665,100,1315.21,43.04605,-1.26476
6,1666,110,1315.24,43.04596,-1.26477
6,1667,120,1315.28,43.04587,-1.26478
6,1668,130,1315.24,43.04579,-1.2648
6,1669,140,1316.04,43.0457,-1.26483
6,1670,150,1317.12,43.04561,-1.26484
6,1671,160,1318.32,43.04552,-1.26484
6,1672,170,1319.42,43.04543,-1.26485
6,1673,180,1320.32,43.04534,-1.26488
6,1674,190,1320.59,43.04527,-1.26495
6,1675,200,1320.84,43.0452,-1.26503
6,1676,210,1321.0,43.04514,-1.26511
6,1677,220,1321.42,43.04507,-1.2652
6,1678,230,1321.87,43.04501,-1.26528
6,1679,240,1322.52,43.04494,-1.26537
6,1680,250,1323.15,43.04488,-1.26545
6,1681,260,1323.97,43.04481,-1.26554
6,1682,270,1324.43,43.04476,-1.26563
6,1683,280,1324.32,43.04473,-1.26575
6,1684,290,1324.02,43.04471,-1.26587
6,1685,300,1323.82,43.04469,-1.26598
6,1686,310,1323.52,43.04467,-1.26611
6,1687,320,1322.6,43.04467,-1.26623
6,1688,330,1321.18,43.04468,-1.26635
6,1689,340,1320.53,43.04466,-1.26647
6,1690,350,1320.88,43.04461,-1.26657
6,1691,360,1321.27,43.04456,-1.26667
6,1692,370,1321.62,43.04451,-1.26678
6,1693,380,1321.71,43.04447,-1.26688
6,1694,390,1321.24,43.04443,-1.26699
6,1695,400,1321.46,43.04438,-1.26709
6,1696,410,1321.6,43.04433,-1.2672
6,1697,420,1321.96,43.04428,-1.2673
6,1698,430,1322.37,43.04423,-1.2674
6,1699,440,1322.85,43.04418,-1.2675
6,1700,450,1323.57,43.04412,-1.2676
6,1701,460,1323.81,43.04407,-1.2677
6,1702,470,1324.62,43.04401,-1.26779
6,1703,480,1324.41,43.04397,-1.2679
6,1704,490,1324.4,43.04393,-1.268
6,1705,500,1325.19,43.04387,-1.2681
6,1706,510,1326.18,43.04381,-1.26819
6,1707,520,1327.28,43.04375,-1.26828
6,1708,530,1329.17,43.04368,-1.26837
6,1709,540,1330.65,43.04362,-1.26846
6,1710,550,1331.71,43.04357,-1.26855
6,1711,560,1331.52,43.04354,-1.26867
6,1712,570,1331.47,43.04351,-1.26878
6,1713,580,1331.89,43.04347,-1.26889
6,1714,590,1332.8,43.04342,-1.26899
6,1715,600,1332.96,43.04338,-1.26911
6,1716,610,1332.82,43.04335,-1.26922
6,1717,620,1333.15,43.04331,-1.26933
6,1718,630,1332.9,43.04328,-1.26945
6,1719,640,1332.8,43.04325,-1.26956
6,1720,650,1332.97,43.04321,-1.26968
6,1721,660,1332.76,43.04318,-1.26979
6,1722,670,1332.56,43.04315,-1.2699
6,1723,680,1333.29,43.0431,-1.27001
6,1724,690,1333.55,43.04306,-1.27012
6,1725,700,1333.87,43.04302,-1.27023
6,1726,710,1334.87,43.04297,-1.27033
6,1727,720,1334.74,43.04294,-1.27045
6,1728,730,1334.26,43.04292,-1.27056
6,1729,740,1333.65,43.0429,-1.27068
6,1730,750,1333.04,43.04288,-1.2708
6,1731,760,1332.9,43.04285,-1.27092
6,1732,770,1332.8,43.04282,-1.27104
6,1733,780,1332.87,43.04279,-1.27115
6,1734,790,1330.88,43.0428,-1.27127
6,1735,800,1328.27,43.04282,-1.2714
6,1736,810,1326.26,43.04283,-1.27152
6,1737,820,1324.26,43.04284,-1.27164
6,1738,830,1323.28,43.04282,-1.27176
6,1739,840,1322.18,43.0428,-1.27188
6,1740,850,1322.41,43.04276,-1.27198
6,1741,860,1322.96,43.04271,-1.27209
6,1742,870,1323.02,43.04267,-1.2722
6,1743,880,1323.57,43.04262,-1.27231
6,1744,890,1323.14,43.04259,-1.27242
6,1745,900,1323.19,43.04255,-1.27253
6,1746,910,1322.76,43.04252,-1.27264
6,1747,920,1321.65,43.0425,-1.27276
6,1748,930,1319.55,43.0425,-1.27288
6,1749,940,1317.28,43.0425,-1.27301
6,1750,950,1315.0,43.04251,-1.27313
6,1751,960,1310.63,43.04258,-1.27319
6,1752,970,1305.7,43.04266,-1.27325
6,1753,980,1305.45,43.04263,-1.27337
6,1754,990,1304.73,43.04261,-1.27349
6,1755,1000,1304.72,43.04258,-1.2736
6,1756,1010,1304.06,43.04256,-1.27372
6,1757,1020,1303.77,43.04253,-1.27384
6,1758,1030,1303.47,43.0425,-1.27396
6,1759,1040,1302.78,43.04248,-1.27407
6,1760,1050,1301.94,43.04246,-1.27419
6,1761,1060,1300.39,43.04245,-1.27432
6,1762,1070,1300.2,43.04242,-1.27443
6,1763,1080,1299.55,43.04239,-1.27455
6,1764,1090,1299.64,43.04235,-1.27466
6,1765,1100,1299.23,43.04232,-1.27477
6,1766,1110,1298.67,43.04229,-1.27489
6,1767,1120,1297.56,43.04227,-1.27501
6,1768,1130,1297.08,43.04224,-1.27513
6,1769,1140,1296.86,43.04221,-1.27524
6,1770,1150,1295.33,43.0422,-1.27536
6,1771,1160,1293.63,43.04219,-1.27549
6,1772,1170,1292.1,43.04218,-1.27561
6,1773,1180,1291.14,43.04216,-1.27573
6,1774,1190,1290.5,43.04214,-1.27584
6,1775,1200,1291.03,43.0421,-1.27596
6,1776,1210,1291.7,43.04206,-1.27607
6,1777,1220,1291.8,43.04203,-1.27618
6,1778,1230,1292.47,43.04199,-1.27629
6,1779,1240,1292.43,43.04196,-1.27641
6,1780,1250,1292.9,43.04192,-1.27652
6,1781,1260,1293.09,43.04188,-1.27663
6,1782,1270,1292.71,43.04185,-1.27674
6,1783,1280,1293.46,43.0418,-1.27685
6,1784,1290,1293.84,43.04176,-1.27695
6,1785,1300,1293.27,43.04173,-1.27707
6,1786,1310,1293.38,43.04169,-1.27718
6,1787,1320,1293.2,43.04164,-1.27729
6,1788,1330,1293.27,43.04159,-1.27739
6,1789,1340,1294.09,43.04153,-1.27748
6,1790,1350,1295.18,43.04147,-1.27756
6,1791,1360,1296.57,43.0414,-1.27765
6,1792,1370,1295.61,43.04137,-1.27776
6,1793,1380,1295.22,43.04133,-1.27787
6,1794,1390,1295.68,43.04128,-1.27797
6,1795,1400,1296.0,43.04123,-1.27808
6,1796,1410,1295.85,43.04119,-1.27819
6,1797,1420,1295.22,43.04116,-1.2783
6,1798,1430,1294.42,43.04113,-1.27842
6,1799,1440,1293.85,43.0411,-1.27853
6,1800,1450,1292.97,43.04107,-1.27865
6,1801,1460,1292.82,43.04103,-1.27876
6,1802,1470,1292.16,43.041,-1.27887
6,1803,1480,1291.59,43.04096,-1.27898
6,1804,1490,1291.03,43.04092,-1.27909
6,1805,1500,1290.92,43.04087,-1.2792
6,1806,1510,1291.02,43.04083,-1.27931
6,1807,1520,1291.21,43.04079,-1.27942
6,1808,1530,1291.31,43.04075,-1.27953
6,1809,1540,1291.48,43.04071,-1.27963
6,1810,1550,1291.45,43.04067,-1.27974
6,1811,1560,1291.7,43.04062,-1.27985
6,1812,1570,1290.39,43.04061,-1.27997
6,1813,1580,1289.55,43.04059,-1.28009
6,1814,1590,1288.7,43.04057,-1.28021
6,1815,1600,1288.22,43.04054,-1.28033
6,1816,1610,1287.74,43.04051,-1.28045
6,1817,1620,1287.39,43.04048,-1.28056
6,1818,1630,1287.08,43.04045,-1.28067
6,1819,1640,1287.49,43.0404,-1.28078
6,1820,1650,1287.49,43.04036,-1.28089
6,1821,1660,1287.89,43.04031,-1.28099
6,1822,1670,1287.31,43.04027,-1.2811
6,1823,1680,1287.01,43.04022,-1.2812
6,1824,1690,1286.84,43.04016,-1.2813
6,1825,1700,1286.51,43.04011,-1.28139
6,1826,1710,1286.21,43.04005,-1.28149
6,1827,1720,1285.14,43.04002,-1.2816
6,1828,1730,1286.14,43.03993,-1.28165
6,1829,1740,1286.43,43.03986,-1.28172
6,1830,1750,1286.54,43.03979,-1.2818
6,1831,1760,1286.43,43.03973,-1.28188
6,1832,1770,1286.65,43.03966,-1.28195
6,1833,1780,1286.26,43.03959,-1.28203
6,1834,1790,1285.67,43.03952,-1.28211
6,1835,1800,1285.66,43.03944,-1.28217
6,1836,1810,1286.7,43.03935,-1.28218
6,1837,1820,1287.75,43.03926,-1.28219
6,1838,1830,1288.67,43.03917,-1.28221
6,1839,1840,1289.34,43.03909,-1.28224
6,1840,1850,1290.05,43.039,-1.28228
6,1841,1860,1290.28,43.03893,-1.28234
6,1842,1870,1290.39,43.03886,-1.28242
6,1843,1880,1290.33,43.0388,-1.28251
6,1844,1890,1290.28,43.03874,-1.28261
6,1845,1900,1290.44,43.03869,-1.28271
6,1846,1910,1290.99,43.03864,-1.28281
6,1847,1920,1291.74,43.03859,-1.28291
6,1848,1930,1292.65,43.03854,-1.28302
6,1849,1940,1293.49,43.0385,-1.28313
6,1850,1950,1294.19,43.03847,-1.28324
6,1851,1960,1295.07,43.03844,-1.28336
6,1852,1970,1296.26,43.03841,-1.28347
6,1853,1980,1297.58,43.03838,-1.28359
6,1854,1990,1299.35,43.03834,-1.2837
6,1855,2000,1300.89,43.03831,-1.28382
6,1856,2010,1302.51,43.03828,-1.28393
6,1857,2020,1304.18,43.03825,-1.28405
6,1858,2030,1305.47,43.03822,-1.28416
6,1859,2040,1306.03,43.03821,-1.28428
6,1860,2050,1306.97,43.03819,-1.28441
6,1861,2060,1307.9,43.03817,-1.28453
6,1862,2070,1308.84,43.03815,-1.28465
6,1863,2080,1309.46,43.03813,-1.28477
6,1864,2090,1309.73,43.03811,-1.28489
6,1865,2100,1309.63,43.0381,-1.28501
6,1866,2110,1309.92,43.03808,-1.28513
6,1867,2120,1311.03,43.03804,-1.28524
6,1868,2130,1311.78,43.03801,-1.28535
6,1869,2140,1312.59,43.03797,-1.28547
6,1870,2150,1312.89,43.03794,-1.28558
6,1871,2160,1313.6,43.0379,-1.28569
6,1872,2170,1312.24,43.03791,-1.28581
6,1873,2180,1310.47,43.03793,-1.28593
6,1874,2190,1309.91,43.03792,-1.28605
6,1875,2200,1309.76,43.0379,-1.28617
6,1876,2210,1309.63,43.03788,-1.28629
6,1877,2220,1309.51,43.03786,-1.28641
6,1878,2230,1309.81,43.03783,-1.28653
6,1879,2240,1309.71,43.03781,-1.28665
6,1880,2250,1310.04,43.03778,-1.28677
6,1881,2260,1310.7,43.03775,-1.28688
6,1882,2270,1311.3,43.03772,-1.287
6,1883,2280,1311.94,43.03769,-1.28711
6,1884,2290,1312.1,43.03767,-1.28723
6,1885,2300,1311.83,43.03766,-1.28735
6,1886,2310,1311.57,43.03765,-1.28747
6,1887,2320,1311.76,43.03763,-1.28758
6,1888,2330,1313.79,43.03756,-1.28767
6,1889,2340,1313.18,43.03752,-1.28778
6,1890,2350,1312.48,43.03749,-1.28789
6,1891,2360,1311.7,43.03745,-1.288
6,1892,2370,1310.74,43.03741,-1.28812
6,1893,2380,1310.54,43.03738,-1.28823
7,1894,0,1310.53,43.03738,-1.28822
7,1895,10,1310.52,43.03734,-1.28833
7,1896,20,1310.52,43.03731,-1.28844
7,1897,30,1310.43,43.03726,-1.28855
7,1898,40,1310.31,43.03721,-1.28865
7,1899,50,1310.17,43.03716,-1.28875
7,1900,60,1310.16,43.03711,-1.28885
7,1901,70,1310.89,43.03705,-1.28895
7,1902,80,1311.67,43.037,-1.28905
7,1903,90,1312.48,43.03695,-1.28915
7,1904,100,1313.45,43.03691,-1.28926
7,1905,110,1314.57,43.03688,-1.28938
7,1906,120,1315.46,43.03685,-1.28949
7,1907,130,1317.15,43.03682,-1.28961
7,1908,140,1318.91,43.03679,-1.28972
7,1909,150,1320.87,43.03676,-1.28984
7,1910,160,1322.69,43.03673,-1.28995
7,1911,170,1324.71,43.0367,-1.29007
7,1912,180,1326.81,43.03668,-1.29019
7,1913,190,1329.34,43.03666,-1.29031
7,1914,200,1331.32,43.03661,-1.29041
7,1915,210,1333.25,43.03656,-1.29051
7,1916,220,1334.59,43.03649,-1.29059
7,1917,230,1336.15,43.03643,-1.29068
7,1918,240,1337.67,43.03637,-1.29077
7,1919,250,1339.71,43.03633,-1.29088
7,1920,260,1341.53,43.03628,-1.29098
7,1921,270,1343.65,43.03624,-1.29109
7,1922,280,1345.7,43.03619,-1.2912
7,1923,290,1347.93,43.03614,-1.2913
7,1924,300,1350.28,43.0361,-1.29141
7,1925,310,1352.34,43.03605,-1.29151
7,1926,320,1354.55,43.03599,-1.29161
7,1927,330,1356.39,43.03592,-1.29168
7,1928,340,1357.35,43.03584,-1.29172
7,1929,350,1357.98,43.03575,-1.29175
7,1930,360,1358.59,43.03566,-1.29178
7,1931,370,1359.2,43.03558,-1.29181
7,1932,380,1360.24,43.03549,-1.29185
7,1933,390,1361.9,43.0354,-1.29188
7,1934,400,1361.58,43.03533,-1.29184
7,1935,410,1360.06,43.03526,-1.29175
7,1936,420,1358.16,43.03521,-1.29165
7,1937,430,1356.87,43.03515,-1.29156
7,1938,440,1356.03,43.0351,-1.29146
7,1939,450,1355.23,43.03505,-1.29136
7,1940,460,1354.6,43.03499,-1.29126
7,1941,470,1353.89,43.03494,-1.29116
7,1942,480,1353.22,43.03489,-1.29106
7,1943,490,1353.26,43.03482,-1.29099
7,1944,500,1353.53,43.03473,-1.29101
7,1945,510,1354.88,43.03467,-1.2911
7,1946,520,1356.48,43.03463,-1.2912
7,1947,530,1358.34,43.03459,-1.29131
7,1948,540,1360.48,43.03455,-1.29143
7,1949,550,1362.51,43.03452,-1.29154
7,1950,560,1365.13,43.03449,-1.29165
7,1951,570,1367.86,43.03443,-1.29174
7,1952,580,1369.94,43.03434,-1.29179
7,1953,590,1371.46,43.03426,-1.29182
7,1954,600,1372.85,43.03417,-1.29184
7,1955,610,1374.42,43.03408,-1.29187
7,1956,620,1375.38,43.03399,-1.29188
7,1957,630,1376.06,43.0339,-1.29188
7,1958,640,1376.12,43.03381,-1.29186
7,1959,650,1375.75,43.03373,-1.29183
7,1960,660,1375.39,43.03364,-1.2918
7,1961,670,1374.98,43.03355,-1.29177
7,1962,680,1374.1,43.03347,-1.29173
7,1963,690,1373.15,43.03338,-1.2917
7,1964,700,1372.08,43.03329,-1.29167
7,1965,710,1371.71,43.0332,-1.29166
7,1966,720,1371.68,43.03311,-1.29166
7,1967,730,1371.98,43.03302,-1.29167
7,1968,740,1372.92,43.03293,-1.2917
7,1969,750,1374.18,43.03285,-1.29174
7,1970,760,1375.73,43.03277,-1.29179
7,1971,770,1376.88,43.03269,-1.29186
7,1972,780,1378.38,43.03262,-1.29194
7,1973,790,1380.39,43.03256,-1.29203
7,1974,800,1382.42,43.0325,-1.29212
7,1975,810,1384.47,43.03244,-1.29221
7,1976,820,1386.81,43.03238,-1.2923
7,1977,830,1388.64,43.03231,-1.29237
7,1978,840,1389.37,43.03222,-1.29242
7,1979,850,1389.84,43.03214,-1.29246
7,1980,860,1390.62,43.03206,-1.29251
7,1981,870,1391.96,43.03199,-1.29258
7,1982,880,1394.22,43.03193,-1.29267
7,1983,890,1396.79,43.03187,-1.29277
7,1984,900,1398.86,43.03181,-1.29286
7,1985,910,1400.85,43.03175,-1.29295
7,1986,920,1401.84,43.03168,-1.29303
7,1987,930,1402.08,43.03161,-1.29309
7,1988,940,1403.85,43.03155,-1.29319
7,1989,950,1404.89,43.03149,-1.29327
7,1990,960,1405.0,43.03141,-1.29334
7,1991,970,1404.91,43.03134,-1.2934
7,1992,980,1405.01,43.03126,-1.29348
7,1993,990,1404.98,43.03119,-1.29355
7,1994,1000,1405.14,43.03112,-1.29363
7,1995,1010,1404.55,43.03105,-1.2937
7,1996,1020,1404.05,43.03098,-1.29378
7,1997,1030,1403.48,43.03091,-1.29386
7,1998,1040,1404.29,43.03087,-1.29396
7,1999,1050,1405.82,43.03084,-1.29408
7,2000,1060,1408.02,43.03083,-1.2942
7,2001,1070,1409.84,43.03081,-1.29432
7,2002,1080,1410.97,43.03079,-1.29444
7,2003,1090,1411.64,43.03076,-1.29456
7,2004,1100,1412.66,43.03074,-1.29468
7,2005,1110,1413.11,43.03071,-1.29479
7,2006,1120,1414.18,43.03069,-1.29491
7,2007,1130,1414.64,43.03065,-1.29502
7,2008,1140,1414.98,43.0306,-1.29512
7,2009,1150,1414.42,43.03053,-1.2952
7,2010,1160,1413.92,43.03046,-1.29528
7,2011,1170,1413.93,43.0304,-1.29537
7,2012,1180,1414.17,43.03034,-1.29547
7,2013,1190,1414.54,43.03029,-1.29556
7,2014,1200,1414.88,43.03023,-1.29566
7,2015,1210,1415.44,43.03017,-1.29575
7,2016,1220,1416.33,43.03011,-1.29584
7,2017,1230,1416.74,43.03004,-1.29592
7,2018,1240,1418.08,43.02997,-1.29599
7,2019,1250,1419.87,43.02989,-1.29605
7,2020,1260,1421.13,43.02981,-1.29609
7,2021,1270,1422.43,43.02972,-1.29613
7,2022,1280,1423.18,43.02963,-1.29615
7,2023,1290,1424.24,43.02954,-1.29618
7,2024,1300,1424.73,43.02945,-1.29619
7,2025,1310,1424.92,43.02936,-1.29619
7,2026,1320,1425.62,43.02927,-1.2962
7,2027,1330,1426.15,43.02918,-1.2962
7,2028,1340,1426.06,43.02909,-1.29618
7,2029,1350,1426.22,43.02901,-1.29617
7,2030,1360,1426.13,43.02892,-1.29615
7,2031,1370,1425.74,43.02883,-1.29612
7,2032,1380,1425.65,43.02874,-1.2961
7,2033,1390,1425.26,43.02865,-1.29607
7,2034,1400,1424.21,43.02857,-1.29602
7,2035,1410,1423.52,43.02849,-1.29598
7,2036,1420,1422.95,43.0284,-1.29594
7,2037,1430,1422.09,43.02832,-1.29589
7,2038,1440,1421.65,43.02823,-1.29585
7,2039,1450,1421.19,43.02815,-1.29581
7,2040,1460,1421.13,43.02806,-1.29578
7,2041,1470,1421.02,43.02798,-1.29575
7,2042,1480,1420.7,43.02789,-1.29571
7,2043,1490,1420.39,43.0278,-1.29567
7,2044,1500,1420.31,43.02772,-1.29564
7,2045,1510,1420.15,43.02763,-1.2956
7,2046,1520,1419.99,43.02755,-1.29556
7,2047,1530,1420.01,43.02746,-1.29552
7,2048,1540,1420.5,43.02737,-1.2955
7,2049,1550,1420.85,43.02728,-1.29547
7,2050,1560,1420.81,43.0272,-1.29544
7,2051,1570,1420.84,43.02711,-1.29541
7,2052,1580,1420.94,43.02702,-1.29538
7,2053,1590,1420.93,43.02694,-1.29534
7,2054,1600,1421.32,43.02685,-1.29532
7,2055,1610,1421.96,43.02676,-1.29532
7,2056,1620,1422.6,43.02667,-1.29532
7,2057,1630,1423.24,43.02658,-1.29532
7,2058,1640,1424.08,43.02649,-1.29534
7,2059,1650,1424.83,43.0264,-1.29536
7,2060,1660,1425.39,43.02633,-1.29543
7,2061,1670,1425.66,43.02627,-1.29552
8,2062,0,1426.1,43.02619,-1.29545
8,2063,10,1425.8,43.02618,-1.29557
8,2064,20,1425.42,43.02616,-1.29569
8,2065,30,1424.2,43.02611,-1.29579
8,2066,40,1423.34,43.02603,-1.29583
8,2067,50,1422.13,43.02597,-1.29589
8,2068,60,1420.06,43.02591,-1.29599
8,2069,70,1418.63,43.02592,-1.29608
8,2070,80,1416.34,43.02585,-1.29616
8,2071,90,1414.0,43.02578,-1.29624
8,2072,100,1411.83,43.02572,-1.29632
8,2073,110,1409.24,43.02565,-1.29641
8,2074,120,1406.39,43.02558,-1.29649
8,2075,130,1403.7,43.02552,-1.29657
8,2076,140,1401.15,43.02545,-1.29664
8,2077,150,1398.25,43.02537,-1.29672
8,2078,160,1395.74,43.0253,-1.29679
8,2079,170,1393.36,43.02522,-1.29685
8,2080,180,1390.73,43.02515,-1.29692
8,2081,190,1388.24,43.02507,-1.29698
8,2082,200,1385.64,43.02499,-1.29705
8,2083,210,1382.78,43.02492,-1.29712
8,2084,220,1379.94,43.02484,-1.29718
8,2085,230,1377.0,43.02477,-1.29725
8,2086,240,1374.04,43.02469,-1.29732
8,2087,250,1371.27,43.02462,-1.29739
8,2088,260,1368.49,43.02454,-1.29746
8,2089,270,1365.65,43.02447,-1.29752
8,2090,280,1362.53,43.02439,-1.29758
8,2091,290,1359.81,43.02431,-1.29763
8,2092,300,1356.98,43.02423,-1.29769
8,2093,310,1354.5,43.02415,-1.29774
8,2094,320,1351.58,43.02406,-1.29779
8,2095,330,1349.02,43.02398,-1.29783
8,2096,340,1346.11,43.02389,-1.29788
8,2097,350,1343.5,43.02381,-1.29792
8,2098,360,1340.07,43.02373,-1.29797
8,2099,370,1336.53,43.02364,-1.29802
8,2100,380,1333.37,43.02356,-1.29807
8,2101,390,1330.35,43.02348,-1.29812
8,2102,400,1327.47,43.0234,-1.29817
8,2103,410,1324.95,43.02331,-1.2982
8,2104,420,1322.93,43.02322,-1.29821
8,2105,430,1320.55,43.02313,-1.29823
8,2106,440,1317.72,43.02305,-1.29825
8,2107,450,1314.51,43.02296,-1.29828
8,2108,460,1311.43,43.02287,-1.29831
8,2109,470,1308.47,43.02278,-1.29834
8,2110,480,1305.92,43.0227,-1.29837
8,2111,490,1303.21,43.02261,-1.2984
8,2112,500,1300.66,43.02252,-1.29842
8,2113,510,1297.8,43.02244,-1.29847
8,2114,520,1294.76,43.02236,-1.2985
8,2115,530,1291.79,43.02227,-1.29852
8,2116,540,1289.25,43.02218,-1.29852
8,2117,550,1286.71,43.02209,-1.29852
8,2118,560,1284.57,43.022,-1.29848
8,2119,570,1282.23,43.02192,-1.29842
8,2120,580,1279.53,43.02184,-1.2984
8,2121,590,1277.06,43.02175,-1.29843
8,2122,600,1275.06,43.02168,-1.29851
8,2123,610,1273.06,43.02161,-1.29859
8,2124,620,1271.55,43.02155,-1.29867
8,2125,630,1269.98,43.02148,-1.29874
8,2126,640,1268.7,43.02141,-1.29883
8,2127,650,1267.9,43.02135,-1.29892
8,2128,660,1267.07,43.02128,-1.299
8,2129,670,1266.39,43.02121,-1.29907
8,2130,680,1265.69,43.02114,-1.29915
8,2131,690,1264.18,43.02109,-1.29925
8,2132,700,1262.49,43.02104,-1.29936
8,2133,710,1261.5,43.02102,-1.29947
8,2134,720,1260.23,43.02097,-1.29958
8,2135,730,1259.25,43.02092,-1.29968
8,2136,740,1258.44,43.02086,-1.29977
8,2137,750,1257.28,43.02079,-1.29985
8,2138,760,1255.33,43.02073,-1.29994
8,2139,770,1253.75,43.02066,-1.30002
8,2140,780,1252.68,43.02059,-1.30008
8,2141,790,1252.15,43.0205,-1.30011
8,2142,800,1251.85,43.02041,-1.30013
8,2143,810,1251.02,43.02032,-1.3001
8,2144,820,1249.93,43.02023,-1.30008
8,2145,830,1249.36,43.02016,-1.30002
8,2146,840,1248.75,43.02009,-1.29995
8,2147,850,1248.58,43.02004,-1.29984
8,2148,860,1247.35,43.02004,-1.29973
8,2149,870,1246.2,43.02007,-1.29961
8,2150,880,1245.08,43.02009,-1.2995
8,2151,890,1244.15,43.02012,-1.29938
8,2152,900,1243.73,43.02016,-1.29927
8,2153,910,1243.47,43.0202,-1.29916
8,2154,920,1242.88,43.02025,-1.29906
8,2155,930,1241.55,43.02029,-1.29895
8,2156,940,1239.11,43.0203,-1.29883
8,2157,950,1235.25,43.02026,-1.29872
8,2158,960,1231.6,43.02018,-1.29868
8,2159,970,1230.39,43.0201,-1.29874
8,2160,980,1230.7,43.02004,-1.29883
8,2161,990,1230.86,43.01998,-1.29891
8,2162,1000,1230.82,43.01991,-1.29899
8,2163,1010,1230.32,43.01983,-1.29906
8,2164,1020,1229.95,43.01976,-1.29912
8,2165,1030,1228.85,43.01968,-1.29918
8,2166,1040,1226.6,43.01959,-1.29921
8,2167,1050,1224.36,43.0195,-1.29924
8,2168,1060,1222.44,43.01942,-1.29927
8,2169,1070,1220.22,43.01933,-1.2993
8,2170,1080,1217.8,43.01924,-1.29932
8,2171,1090,1215.38,43.01915,-1.29934
8,2172,1100,1212.97,43.01906,-1.29936
8,2173,1110,1209.94,43.01897,-1.29938
8,2174,1120,1206.94,43.01889,-1.2994
8,2175,1130,1203.29,43.0188,-1.29941
8,2176,1140,1199.97,43.01871,-1.29944
8,2177,1150,1196.74,43.01862,-1.29948
8,2178,1160,1194.18,43.01854,-1.29954
8,2179,1170,1192.1,43.01847,-1.29961
8,2180,1180,1190.64,43.01841,-1.2997
8,2181,1190,1190.26,43.01837,-1.29981
8,2182,1200,1188.22,43.01832,-1.29991
8,2183,1210,1187.08,43.01829,-1.30002
8,2184,1220,1186.46,43.01827,-1.30014
8,2185,1230,1185.86,43.01825,-1.30026
8,2186,1240,1185.78,43.01824,-1.30039
8,2187,1250,1184.68,43.01821,-1.3005
8,2188,1260,1182.96,43.01818,-1.30062
8,2189,1270,1181.29,43.01815,-1.30073
8,2190,1280,1179.26,43.01811,-1.30084
8,2191,1290,1178.16,43.01809,-1.30096
8,2192,1300,1177.12,43.01807,-1.30108
8,2193,1310,1176.1,43.01805,-1.3012
8,2194,1320,1175.16,43.01804,-1.30132
8,2195,1330,1173.9,43.01802,-1.30144
8,2196,1340,1172.74,43.018,-1.30156
8,2197,1350,1171.67,43.01798,-1.30168
8,2198,1360,1170.13,43.01794,-1.30179
8,2199,1370,1168.45,43.01789,-1.30189
8,2200,1380,1166.27,43.01783,-1.30198
8,2201,1390,1164.12,43.01776,-1.30205
8,2202,1400,1161.9,43.01768,-1.30212
8,2203,1410,1159.26,43.01759,-1.30215
8,2204,1420,1156.53,43.0175,-1.30214
8,2205,1430,1154.05,43.01742,-1.30211
8,2206,1440,1151.21,43.01733,-1.30209
8,2207,1450,1148.42,43.01724,-1.3021
8,2208,1460,1146.61,43.01717,-1.30217
8,2209,1470,1146.07,43.01713,-1.30228
8,2210,1480,1145.6,43.01709,-1.30238
8,2211,1490,1145.35,43.01705,-1.30249
8,2212,1500,1144.91,43.01701,-1.3026
8,2213,1510,1143.59,43.01696,-1.30271
8,2214,1520,1142.51,43.01692,-1.30282
8,2215,1530,1141.58,43.01688,-1.30293
8,2216,1540,1140.8,43.01684,-1.30304
8,2217,1550,1140.36,43.01681,-1.30316
8,2218,1560,1139.97,43.01678,-1.30327
8,2219,1570,1139.29,43.01674,-1.30338
8,2220,1580,1138.92,43.01671,-1.3035
8,2221,1590,1138.63,43.01667,-1.30361
8,2222,1600,1138.6,43.01664,-1.30372
8,2223,1610,1138.7,43.0166,-1.30383
8,2224,1620,1139.0,43.01656,-1.30394
8,2225,1630,1139.03,43.01652,-1.30405
8,2226,1640,1139.26,43.01648,-1.30416
8,2227,1650,1139.7,43.01644,-1.30427
8,2228,1660,1140.45,43.01639,-1.30438
8,2229,1670,1141.28,43.01635,-1.30448
8,2230,1680,1142.54,43.01629,-1.30457
8,2231,1690,1143.26,43.01622,-1.30466
8,2232,1700,1143.77,43.01615,-1.30474
8,2233,1710,1144.45,43.01608,-1.30482
8,2234,1720,1145.23,43.01601,-1.30489
8,2235,1730,1146.17,43.01594,-1.30496
8,2236,1740,1147.32,43.01587,-1.30504
8,2237,1750,1148.63,43.01581,-1.30513
8,2238,1760,1150.04,43.01577,-1.30524
8,2239,1770,1151.38,43.01572,-1.30535
8,2240,1780,1152.01,43.01568,-1.30546
8,2241,1790,1152.84,43.01563,-1.30556
8,2242,1800,1153.49,43.01559,-1.30566
8,2243,1810,1153.51,43.01554,-1.30577
8,2244,1820,1153.57,43.01549,-1.30587
8,2245,1830,1153.69,43.01543,-1.30597
8,2246,1840,1153.36,43.01538,-1.30606
8,2247,1850,1152.81,43.01532,-1.30616
8,2248,1860,1152.35,43.01527,-1.30626
8,2249,1870,1152.03,43.01521,-1.30635
8,2250,1880,1151.81,43.01515,-1.30644
8,2251,1890,1151.64,43.01509,-1.30654
8,2252,1900,1151.61,43.01503,-1.30663
8,2253,1910,1151.43,43.01497,-1.30672
8,2254,1920,1150.91,43.01491,-1.30681
8,2255,1930,1149.34,43.01485,-1.30691
8,2256,1940,1148.05,43.0148,-1.307
8,2257,1950,1146.75,43.01474,-1.30709
8,2258,1960,1145.53,43.01467,-1.30717
8,2259,1970,1144.4,43.01459,-1.30724
8,2260,1980,1143.43,43.01451,-1.3073
8,2261,1990,1142.64,43.01443,-1.30734
8,2262,2000,1141.93,43.01435,-1.30739
8,2263,2010,1141.35,43.01426,-1.30744
8,2264,2020,1140.26,43.01418,-1.30749
8,2265,2030,1138.63,43.0141,-1.30754
8,2266,2040,1137.05,43.01402,-1.30758
8,2267,2050,1135.38,43.01393,-1.30763
8,2268,2060,1134.06,43.01385,-1.30769
8,2269,2070,1132.78,43.01377,-1.30774
8,2270,2080,1131.58,43.01369,-1.30779
8,2271,2090,1130.46,43.01361,-1.30784
8,2272,2100,1129.37,43.01353,-1.30789
8,2273,2110,1127.47,43.01345,-1.30796
8,2274,2120,1125.98,43.01338,-1.30803
8,2275,2130,1124.59,43.01331,-1.30811
8,2276,2140,1123.32,43.01324,-1.30819
8,2277,2150,1122.49,43.01318,-1.30827
8,2278,2160,1121.54,43.01311,-1.30835
8,2279,2170,1120.88,43.01304,-1.30844
8,2280,2180,1120.65,43.01298,-1.30853
8,2281,2190,1120.58,43.01292,-1.30862
8,2282,2200,1121.04,43.01287,-1.30872
8,2283,2210,1120.54,43.01279,-1.30879
8,2284,2220,1120.34,43.01272,-1.30886
8,2285,2230,1120.45,43.01265,-1.30894
8,2286,2240,1119.97,43.01257,-1.30898
8,2287,2250,1119.29,43.01248,-1.30901
8,2288,2260,1117.92,43.01239,-1.309
8,2289,2270,1116.32,43.0123,-1.30898
8,2290,2280,1114.65,43.01221,-1.30896
8,2291,2290,1113.04,43.01213,-1.30893
8,2292,2300,1111.64,43.01204,-1.3089
8,2293,2310,1109.79,43.01196,-1.30885
8,2294,2320,1107.22,43.01189,-1.30877
8,2295,2330,1104.38,43.01182,-1.30869
8,2296,2340,1101.65,43.01175,-1.30862
8,2297,2350,1098.24,43.01168,-1.30853
8,2298,2360,1095.14,43.01162,-1.30845
8,2299,2370,1091.53,43.01155,-1.30836
8,2300,2380,1088.25,43.01149,-1.30828
8,2301,2390,1084.68,43.01142,-1.30819
8,2302,2400,1081.6,43.01136,-1.30811
8,2303,2410,1079.31,43.01128,-1.30806
8,2304,2420,1077.22,43.01119,-1.30802
8,2305,2430,1075.44,43.0111,-1.30799
8,2306,2440,1074.31,43.01101,-1.30798
8,2307,2450,1073.26,43.01093,-1.30797
8,2308,2460,1072.79,43.01084,-1.30798
8,2309,2470,1071.48,43.01075,-1.30798
8,2310,2480,1069.78,43.01066,-1.30799
8,2311,2490,1067.75,43.01057,-1.30799
8,2312,2500,1065.72,43.01048,-1.30799
8,2313,2510,1063.98,43.01039,-1.308
8,2314,2520,1061.94,43.0103,-1.308
8,2315,2530,1060.17,43.01021,-1.30801
8,2316,2540,1058.12,43.01012,-1.30801
8,2317,2550,1056.42,43.01003,-1.30804
8,2318,2560,1054.52,43.00994,-1.30807
8,2319,2570,1052.49,43.00985,-1.3081
8,2320,2580,1051.07,43.00977,-1.30815
8,2321,2590,1049.55,43.00969,-1.3082
8,2322,2600,1047.76,43.00961,-1.30824
8,2323,2610,1045.73,43.00952,-1.30829
8,2324,2620,1043.91,43.00944,-1.30834
8,2325,2630,1041.42,43.00935,-1.30836
8,2326,2640,1038.83,43.00926,-1.30837
8,2327,2650,1035.73,43.00917,-1.30834
8,2328,2660,1033.09,43.00909,-1.30832
8,2329,2670,1030.62,43.009,-1.30834
8,2330,2680,1028.74,43.00892,-1.30839
8,2331,2690,1028.21,43.00887,-1.30849
8,2332,2700,1028.01,43.00883,-1.3086
8,2333,2710,1028.5,43.00881,-1.30872
8,2334,2720,1028.5,43.00878,-1.30883
8,2335,2730,1028.11,43.00874,-1.30894
8,2336,2740,1027.89,43.0087,-1.30906
8,2337,2750,1027.58,43.00866,-1.30917
8,2338,2760,1027.18,43.00862,-1.30928
8,2339,2770,1026.31,43.00857,-1.30938
8,2340,2780,1025.54,43.00852,-1.30948
8,2341,2790,1024.46,43.00846,-1.30957
8,2342,2800,1022.79,43.00839,-1.30964
8,2343,2810,1021.08,43.00832,-1.30971
8,2344,2820,1018.44,43.00823,-1.30976
8,2345,2830,1016.11,43.00815,-1.30981
8,2346,2840,1013.65,43.00807,-1.30985
8,2347,2850,1011.15,43.00798,-1.30989
8,2348,2860,1009.04,43.0079,-1.30993
8,2349,2870,1007.47,43.00783,-1.31001
8,2350,2880,1006.18,43.00777,-1.3101
8,2351,2890,1004.95,43.00772,-1.3102
8,2352,2900,1004.28,43.00769,-1.31031
8,2353,2910,1003.58,43.00766,-1.31043
8,2354,2920,1003.18,43.00764,-1.31055
8,2355,2930,1002.74,43.00762,-1.31067
8,2356,2940,1002.63,43.00761,-1.31079
8,2357,2950,1001.85,43.00759,-1.31091
8,2358,2960,1001.43,43.00758,-1.31103
8,2359,2970,1000.67,43.00756,-1.31116
8,2360,2980,1000.3,43.00755,-1.31128
8,2361,2990,999.62,43.00753,-1.3114
8,2362,3000,998.59,43.0075,-1.31151
8,2363,3010,997.5,43.00748,-1.31163
8,2364,3020,996.45,43.00746,-1.31175
8,2365,3030,995.13,43.00743,-1.31187
8,2366,3040,993.89,43.0074,-1.31198
8,2367,3050,992.16,43.00735,-1.31208
8,2368,3060,990.49,43.0073,-1.31219
8,2369,3070,988.74,43.00726,-1.3123
8,2370,3080,987.05,43.00722,-1.31241
8,2371,3090,985.45,43.00718,-1.31252
8,2372,3100,983.97,43.00714,-1.31262
8,2373,3110,982.45,43.0071,-1.31274
8,2374,3120,980.91,43.00705,-1.31284
8,2375,3130,979.13,43.007,-1.31294
8,2376,3140,977.18,43.00693,-1.31301
8,2377,3150,975.35,43.00687,-1.3131
8,2378,3160,973.55,43.00681,-1.3132
8,2379,3170,972.11,43.00677,-1.31331
8,2380,3180,971.15,43.00676,-1.31343
8,2381,3190,969.92,43.00673,-1.31355
8,2382,3200,968.67,43.0067,-1.31366
8,2383,3210,968.05,43.00672,-1.31378
8,2384,3220,967.54,43.00675,-1.3139
8,2385,3230,967.01,43.00678,-1.31402
8,2386,3240,966.4,43.0068,-1.31413
8,2387,3250,966.12,43.00685,-1.31424
8,2388,3260,965.87,43.0069,-1.31434
8,2389,3270,965.58,43.00695,-1.31444
8,2390,3280,965.26,43.007,-1.31454
8,2391,3290,964.51,43.00703,-1.31466
8,2392,3300,963.92,43.00707,-1.31477
8,2393,3310,963.19,43.0071,-1.31488
8,2394,3320,962.75,43.00714,-1.31499
8,2395,3330,962.26,43.00717,-1.31511
8,2396,3340,961.87,43.00721,-1.31522
8,2397,3350,961.35,43.00724,-1.31533
8,2398,3360,960.73,43.00727,-1.31545
8,2399,3370,960.01,43.00729,-1.31557
8,2400,3380,959.1,43.0073,-1.31569
8,2401,3390,958.08,43.0073,-1.31581
8,2402,3400,957.0,43.00728,-1.31593
8,2403,3410,956.08,43.00728,-1.31604
8,2404,3420,955.45,43.00734,-1.31613
8,2405,3430,955.28,43.0074,-1.31623
8,2406,3440,955.22,43.00745,-1.31632
8,2407,3450,954.87,43.00749,-1.31643
8,2408,3460,954.57,43.00754,-1.31654
8,2409,3470,953.94,43.00757,-1.31665
8,2410,3480,953.17,43.0076,-1.31677
8,2411,3490,952.52,43.00764,-1.31688
8,2412,3500,951.99,43.00769,-1.31698
8,2413,3510,951.2,43.00774,-1.31709
8,2414,3520,950.46,43.00779,-1.31719
8,2415,3530,949.83,43.00785,-1.31728
8,2416,3540,949.14,43.00791,-1.31737
8,2417,3550,948.38,43.00797,-1.31746
8,2418,3560,947.73,43.00804,-1.31754
8,2419,3570,947.05,43.0081,-1.31762
8,2420,3580,946.3,43.00817,-1.31771
8,2421,3590,945.74,43.00824,-1.31779
8,2422,3600,945.15,43.00831,-1.31787
8,2423,3610,944.37,43.00837,-1.31796
8,2424,3620,943.38,43.00842,-1.31806
8,2425,3630,943.05,43.00848,-1.31811
8,2426,3640,942.38,43.00855,-1.31819
8,2427,3650,941.5,43.00861,-1.31828
8,2428,3660,940.81,43.00867,-1.31838
8,2429,3670,941.33,43.00873,-1.31847
8,2430,3680,941.95,43.0088,-1.31854
8,2431,3690,942.53,43.00885,-1.31864
8,2432,3700,943.11,43.0089,-1.31874
8,2433,3710,943.66,43.00894,-1.31885
8,2434,3720,944.07,43.00895,-1.31897
8,2435,3730,944.55,43.00894,-1.31909
8,2436,3740,945.21,43.00891,-1.31921
8,2437,3750,945.25,43.00884,-1.31929
8,2438,3760,946.05,43.00893,-1.31931
8,2439,3770,946.73,43.00902,-1.31931
8,2440,3780,947.17,43.0091,-1.31929
8,2441,3790,947.65,43.00919,-1.31927
8,2442,3800,947.93,43.00928,-1.31923
8,2443,3810,948.27,43.00937,-1.3192
8,2444,3820,948.44,43.00945,-1.31916
8,2445,3830,948.71,43.00954,-1.31912
8,2446,3840,948.87,43.00962,-1.31908
8,2447,3850,949.13,43.00971,-1.31904
8,2448,3860,949.57,43.00979,-1.31901
8,2449,3870,950.02,43.00988,-1.31897
8,2450,3880,950.54,43.00997,-1.31895
8,2451,3890,951.16,43.01006,-1.31895
8,2452,3900,952.03,43.01014,-1.31897
8,2453,3910,953.42,43.01023,-1.31901
8,2454,3920,954.8,43.01031,-1.31905
